,user_input,retrieved_contexts,response,reference,context_precision,context_recall,faithfulness,answer_relevancy
0,(주)세토피아의 현재 대표이사는 누구인가?,"['source : [세토피아][정정]반기보고서(2025.09.09).pdf, page : 218, \n content : 시작일 2022.06.21 종료일 2022.07.22 합병기일 2023.01.02 종료보고 총회일 2023.01.03 합병 후 존속회사 회사명 (주)세토피아 본점소재지 서울시 강남구 역삼로 413, 3,5층 (대치동, 세토피아빌딩) 대표이사 서상철 합병 후 소멸회사 회사명 (주)제이슨앤컴퍼니 (현,(주)세토피아STS) 본점소재지 경기도 부천시 삼작로 79번길 20(삼정동) 대표이사 최욱락 (기준재무제표 : 별도 ) (외부평가법인 : 삼도회계법인 \n\nsource : [세토피아][정정]반기보고서(2025.09.09).pdf, page : 8, \n content : 0년 8월 10일 임시주주총회 이후 (주)한류에이아이센터에서 (주)마이더스AI로 상호명이 변경되었으며, 대표이사 서상철이 각자대표로 선임됨에 따라 대표이사 김대곤, 서상철 각자대표로 변경되었습니다. 2020년 10월 23일 대표이사 김대곤이 사임함에따라 서상철 단독대표이사로 변경되었습니다. 당사는 2022년 8월 1일 임시주주총회 이후 (주)마이더스AI에서 (주)세토피아로 상호명이 변경되었 습니다. 당사는 2023년 1월 2일 (주)제이슨앤컴퍼 \n\nsource : [세토피아][정정]반기보고서(2025.09.09).pdf, page : 16, \n content : 향 본 보고서 제출일 현재 합병법인인 (주)세토피아 는 피합병법인인 (주)제이슨앤컴퍼니의 발행주식 을 100% 소유하고 있으며, 합병신주를 발행하지 않는 무증자 합병으로 진행합니다. 본 합병 완료 시 (주)세토피아는 존속회사로 계속 남아있고 소멸회사인 (주)제이슨앤컴퍼니는 합병 후 해산하게 되며, 본 합병 완료 후 (주)세토피아 의 최대주주 변경은 없습니다. 4. 합병비율 (주)세토피아: (주)제이슨앤컴퍼니= 1:0 - 기업인수목적회사 소멸합병 \n\nsource : [세토피아][정정]반기보고서(2025.09.09).pdf, page : 20, \n content :  제기된 사실이 없습니다. Ⅵ. 신주배정 등에 관한 사항 합병법인 (주)세토피아는 피합병법인 (주)제이슨앤컴퍼니의 지분을 100% 보유하고 있으며, 본 합병 완료 시 (주)세토피아는 존속회사로 계속 남아 있게 되며, 피합병법인 (주)제이슨앤컴퍼니는 해산하 여 소멸하게 됩니다. 합병법인 (주)세토피아는 본 합병을 함에있어 신주를 발행하지 않으며, 합병으 로 인해 지급한 별도의 합병 교부금도 없습니다. 본 합병 완료 후 (주)세토피아의 최대주주 변 \n\nsource : [세토피아][정정]반기보고서(2025.09.09).pdf, page : 16, \n content : 1. 합병방법 ㈜세토피아가 ㈜제이슨앤컴퍼니를 흡수합병 1) 존속회사: ㈜세토피아 2) 소멸회사: ㈜제이슨앤컴퍼니 - 합병형태 소규모합병 2. 합병목적 철강전문기업과의 합병을 통한 신규사업 진출 및 매출확대, 손익구조 개선을 통한 기업가치 제고 및 주주가치 제고 3. 합병의 중요영향 및 효과 (1) 회사의 경영에 미치는 영향 본 보고서 제출일 현재 합병법인인 (주)세토피아 는 피합병법인인 (주)제이슨앤컴퍼니의 발행주식 을 100% 소유하고 있으며 \n\n']",서상철,(주)세토피아의 현재 대표이사는 서상철입니다.,0.9999999999,1.0,1.0,0.8104115501463266
1,(주)세토피아의 2022년 8월 1일 이전 상호명은 무엇이었나?,"['source : [세토피아][정정]반기보고서(2025.09.09).pdf, page : 8, \n content : 0년 8월 10일 임시주주총회 이후 (주)한류에이아이센터에서 (주)마이더스AI로 상호명이 변경되었으며, 대표이사 서상철이 각자대표로 선임됨에 따라 대표이사 김대곤, 서상철 각자대표로 변경되었습니다. 2020년 10월 23일 대표이사 김대곤이 사임함에따라 서상철 단독대표이사로 변경되었습니다. 당사는 2022년 8월 1일 임시주주총회 이후 (주)마이더스AI에서 (주)세토피아로 상호명이 변경되었 습니다. 당사는 2023년 1월 2일 (주)제이슨앤컴퍼 \n\nsource : [세토피아][정정]반기보고서(2025.09.09).pdf, page : 8, \n content : 니다. 합병회사는 2015년 6월 8일에 설립되어 제 1기가 2015년 6월 8일부터 시작되나 피합병회사와 합병 회계처리상 피합병회사의 장부에 합병회사의 자산과 부채가 합병기일인 2016년 3월 29일부터 반영 되는 것이므로 제 1기초는 합병전 피합병회사의 2015년 1월 1일 현재 잔액으로 반영하였습니다. 당사는 2020년 8월 10일 임시주주총회 이후 (주)한류에이아이센터에서 (주)마이더스AI로 상호명이 변경되었으며, 대표이사 서상철이 각자 \n\nsource : [세토피아][정정]반기보고서(2025.09.09).pdf, page : 8, \n content : 시주주총회 이후 (주)마이더스AI에서 (주)세토피아로 상호명이 변경되었 습니다. 당사는 2023년 1월 2일 (주)제이슨앤컴퍼니와 소규모합병을 완료하였습니다. 본 보고서는 경제적 실질에 따라 (주)세토피아 기준으로 작성하였음을 알려드립니다. (단위 : 사) 구분 연결대상회사수 주요 종속회사수 기초 증가 감소 기말 상장 - - - - - 비상장 4 - - 5 - 합계 4 - - 5 - ※상세 현황은 \'상세표-1. 연결대상 종속회사 현황(상세)\'  \n\nsource : [세토피아][정정]반기보고서(2025.09.09).pdf, page : 129, \n content : 5. 재무제표 주석 1. 회사의 개요 주식회사 세토피아(이하 ""당사""라 함)는 보안 솔루션 관련 소프트웨어 설계ㆍ개발 및 판매와 컨설팅 등을 사업목적으로 하여 1995년 10월에 설립되었으며, 서울시 강남구삼성로 81길 35, 3층에 본사를 두고 있습니다. 당사는 2022년 8월 1일자 주주총회 결의에 의거 주식회 사 마이더스AI에서 주식회사 세토피아로 상호를 변경하였으며, 2023년 1월 2일자로 종속회 사인 주식회사 제이슨앤컴퍼니를 흡수합병 \n\nsource : [세토피아][정정]반기보고서(2025.09.09).pdf, page : 20, \n content : 자 이의 제출 기간(2022년 06월 21일 ~ 2022년 07월 22일)동안 존속회사인 (주)세토피아의 채 권자 중 이의를 제출한 채권자는 없었으며, 소멸회사인 (주)제이슨앤컴퍼니의 채권자 중 수협은행의 이의제출로 인하여 차입금을 전액 상환하였습니다. Ⅴ. 관련 소송의 현황 본 합병의 효력에 영향을 미칠 수 있는 소송이 제기된 사실이 없습니다. Ⅵ. 신주배정 등에 관한 사항 합병법인 (주)세토피아는 피합병법인 (주)제이슨앤컴퍼니의 지분을 10 \n\n']", (주)마이더스AI,(주)마이더스AI였습니다.,0.9999999999,1.0,1.0,0.7674576901240395
2,(주)세토피아가 (주)제이슨앤컴퍼니를 흡수합병한 합병기일은 언제인가?,"['source : [세토피아][정정]반기보고서(2025.09.09).pdf, page : 16, \n content : 1. 합병방법 ㈜세토피아가 ㈜제이슨앤컴퍼니를 흡수합병 1) 존속회사: ㈜세토피아 2) 소멸회사: ㈜제이슨앤컴퍼니 - 합병형태 소규모합병 2. 합병목적 철강전문기업과의 합병을 통한 신규사업 진출 및 매출확대, 손익구조 개선을 통한 기업가치 제고 및 주주가치 제고 3. 합병의 중요영향 및 효과 (1) 회사의 경영에 미치는 영향 본 보고서 제출일 현재 합병법인인 (주)세토피아 는 피합병법인인 (주)제이슨앤컴퍼니의 발행주식 을 100% 소유하고 있으며 \n\nsource : [세토피아][정정]반기보고서(2025.09.09).pdf, page : 16, \n content : 향 본 보고서 제출일 현재 합병법인인 (주)세토피아 는 피합병법인인 (주)제이슨앤컴퍼니의 발행주식 을 100% 소유하고 있으며, 합병신주를 발행하지 않는 무증자 합병으로 진행합니다. 본 합병 완료 시 (주)세토피아는 존속회사로 계속 남아있고 소멸회사인 (주)제이슨앤컴퍼니는 합병 후 해산하게 되며, 본 합병 완료 후 (주)세토피아 의 최대주주 변경은 없습니다. 4. 합병비율 (주)세토피아: (주)제이슨앤컴퍼니= 1:0 - 기업인수목적회사 소멸합병 \n\nsource : [세토피아][정정]반기보고서(2025.09.09).pdf, page : 218, \n content : 전자공시시스템 dart.fss.or.kr Page 214다. 외국지주회사의 자회사 현황 -해당사항 없습니다. 전자공시시스템 dart.fss.or.kr Page 215라. 합병등의 사후정보 가) 합병 배경 - 철강전문기업과의 합병을 통한 신규사업 진출 및 매출확대, 손익구조 개선을 통한 기업가 치 제고 및 주주가치 제고 나) 합병방법 - (주)세토피아가 (주)제이슨앤컴퍼니를 흡수합병 - 합병비율 : (주)세토피아 : (주)제이슨앤컴퍼니 = 1 : 0 다) 합병일정 라) 합병상대방 마) 합병등 전후의 재무사항 비교표 * 합병등(합병, 중요한 영업ㆍ자산양수도, 주식의 포괄적교환ㆍ이전, 분할) 구 분 날 짜 합병 \n\nsource : [세토피아][정정]반기보고서(2025.09.09).pdf, page : 20, \n content :  제기된 사실이 없습니다. Ⅵ. 신주배정 등에 관한 사항 합병법인 (주)세토피아는 피합병법인 (주)제이슨앤컴퍼니의 지분을 100% 보유하고 있으며, 본 합병 완료 시 (주)세토피아는 존속회사로 계속 남아 있게 되며, 피합병법인 (주)제이슨앤컴퍼니는 해산하 여 소멸하게 됩니다. 합병법인 (주)세토피아는 본 합병을 함에있어 신주를 발행하지 않으며, 합병으 로 인해 지급한 별도의 합병 교부금도 없습니다. 본 합병 완료 후 (주)세토피아의 최대주주 변 \n\nsource : [세토피아][정정]반기보고서(2025.09.09).pdf, page : 16, \n content : 세토피아 의 최대주주 변경은 없습니다. 4. 합병비율 (주)세토피아: (주)제이슨앤컴퍼니= 1:0 - 기업인수목적회사 소멸합병의 경우 기업인수목적회사 마지막 거 래일 종가 대비 합병신주의 상장 당일 기준가격의 배수 - 5. 합병비율 산출근거 합병법인인 (주)세토피아는 피합병법인인 (주)제 이슨앤컴퍼니의 주식을 100% 소유하고 있으며, 합병 시 합병회사는 피합병회사의 주식에 대해 신 주를 발행하지 않으므로 합병비율을 1:0으로 산출 하였습니다. \n\n']",제공된 컨텍스트만으로는 질문에 답변할 수 없습니다.,2023년 1월 2일입니다.,0.0,0.0,0.0,0.0
3,세토피아 철강사업의 주력 제품과 국내 시장 점유율은 어떻게 되는가?,"['source : [세토피아][정정]반기보고서(2025.09.09).pdf, page : 41, \n content : 스테인리스강을 구매한 후, 절단가공 및 표면처리 후 판매하는 사업을 영위하고 있으며 STS 316/430/201 강종을 Coil, Skelp, Sheet 형태로 가공하여 판매하고 있습니다. 이 중에서도 STS 201은 당사의 주력 제품으로 국내 시장점유율 약 30~40%를 차지하여 국내점유율 1위 를 기록하고 있습니다. 2. 시장의 주요 특성ㆍ규모 및 성장성 막대한 초기 투자가 필요하고 규모의 경제 효과가 크게 작용하는 자본집약적 장치 산업의  \n\nsource : [세토피아][정정]반기보고서(2025.09.09).pdf, page : 67, \n content : prise를 국내 최초로 출시하면서 통합PC보 안시장을 선도하였으며, 2000년대 후반에는 국내 대표적인 B2B전용 내부정보유출방지 솔 루션을 개발하여 정보유출방지(DLP: Data Loss Prevention) 시장의 선두주자로 시장에 진 입하여 지속적인 성장을 실현하고 있습니다. (2) 시장점유율 현재 공신력있는 기관이 발표한 스테인레스 및 철강 내수시장과 정보보호사업 중 당사의 제 품과 관련한 신뢰할만한 시장점유율 자료는 없습니다. 다.  \n\nsource : [세토피아][정정]반기보고서(2025.09.09).pdf, page : 51, \n content : /430/201 강종을 Coil, Skelp, Sheet 형태로 판매하고 있으며, 이 중에 서도 STS 201은 주력 제품으로 국내 시장점유율 약 30~40%를 차지하여 1위를 점유하고 있습니다. <희토류 사업> (2025년 06월 30일 기준) (단위 : 원/Kg) 품 목 2025년 반기말 2024년 2023년 제품가격 2,455 2,531 2,840 제품이미지 제품 설명 STS201 STS 201은 STS 304 강종을 대체하기 위하여 개발 \n\nsource : [세토피아][정정]반기보고서(2025.09.09).pdf, page : 49, \n content : 테인리스강을 압연한 판재를 말하는 것으로, 사용 분야별로 는 건축, 주방, 사무용기기, 기계,전기 전자, 자동차 등을 대표적으로 꼽을 수 있습니다. 당사는 STS 316/430/201 강종을 Coil, Skelp, Sheet 형태로 판매하고 있으며, 이 중에서도 STS 201은 주력 제품으로 국내 시장점유율 약 30~40%를 차지하여 1위를 점유하고 있습니 다. 나. 희토류사업 희토류(Rare Earth Elements, REE)는 주기율표상  \n\nsource : [세토피아][정정]반기보고서(2025.09.09).pdf, page : 67, \n content : 이 발표한 스테인레스 및 철강 내수시장과 정보보호사업 중 당사의 제 품과 관련한 신뢰할만한 시장점유율 자료는 없습니다. 다. 관련 규제 및 정책 - 해당사항 없습니다. 전자공시시스템 dart.fss.or.kr Page 65 \n\n']","세토피아 철강 사업의 주력 제품은 STS 201이며, 국내 시장 점유율은 약 30~40%로 국내 시장 점유율 1위를 기록하고 있습니다.","주력 제품은 STS 201이며, 국내 시장점유율 약 30~40%로 1위를 차지하고 있습니다.",0.9999999999,1.0,1.0,0.831769867778828
4,세토피아가 진출했던 유통사업은 어떤 브랜드 제품의 국내 총판 독점 계약이었나?,"['source : [세토피아][정정]반기보고서(2025.09.09).pdf, page : 50, \n content : 다. 유통사업 2023년 2월 글로벌 1위 전자담배브랜드 ELFBAR(엘프바) 제품 국내 총판 독점 계약을 체결 하여 유통 사업에 진출하였으며 수입한 물량에 대해 2024년 내에 전량 판매 완료하였습니다 . 그러나 시장의 급속한 트렌드 변화와 제품의 리뉴얼 및 업그레이드 주기에 대비하여 판매량 및 비용 부담과 수익성이 저조하여 추가 수입은 진행하지 않고 있습니다. 이하 본 보고서 내 해당 사업과 관련된 내용에서도 동일합니다. 본 보고서 작성일  \n\nsource : [세토피아][정정]반기보고서(2025.09.09).pdf, page : 47, \n content : 업> 1. 사업 분야(업종, 제품 및 서비스의 내용 등) 및 진출 목적 당사는 유통사업에 진출할 목적으로 미국, 캐나다, 영국, 말레이시아, 러시아, 뉴질랜드 등 세 계 각지에서 온,오프라인 채널을 통해 판매중인 2023년 2월 글로벌1위를 차지한 전자담배브 랜드 ""ELFBAR(엘프바)"" 제품의 국내 총판 독점 계약을 체결하고 온, 오프라인 판매처를 빠 르게 구축하고 있습니다. 현재 당사가 판매하는 제품은 슬림한 디자인의 팟시스템을 적용시킨 "" \n\nsource : [세토피아][정정]반기보고서(2025.09.09).pdf, page : 9, \n content : 2월 글로벌 1위 전자담배브랜드 ELFBAR(엘프바) 제품 국내 총판 독점 계약을 체결 하여 유통 사업에 진출하였으며 수입한 물량에 대해 2024년 내에 전량 판매 완료하였습니다 . 그러나 시장의 급속한 트렌드 변화와 제품의 리뉴얼 및 업그레이드 주기에 대비하여 판매량 및 비용 부담과 수익성이 저조하여 추가 수입은 하지 않고 있으며, 향후 수입도 검토하지 않 구 분 자회사 사 유 신규 연결 - - - - 연결 제외 Melrose Facility \n\nsource : [세토피아][정정]반기보고서(2025.09.09).pdf, page : 44, \n content : 갈 예정입니다. 이하 본 보고서 내 해당 사업과 관련된 내용에서도 동일합니다. 8. 미추진 사유 해당사항 없습니다. <유통사업> 1. 사업 분야(업종, 제품 및 서비스의 내용 등) 및 진출 목적 당사는 유통사업에 진출할 목적으로 미국, 캐나다, 영국, 말레이시아, 러시아, 뉴질랜드 등 세 계 각지에서 온,오프라인 채널을 통해 판매중인 2023년 2월 글로벌1위를 차지한 전자담배브 랜드 ""ELFBAR(엘프바)"" 제품의 국내 총판 독점 계약을 체결 \n\nsource : [세토피아][정정]반기보고서(2025.09.09).pdf, page : 9, \n content :  진행 과정 및 결과에 따라 해당 사업에 대한 업무 진행 및 투자금 유치 등을 독자적으로 운영할 예정입니다. 당사는 종속회사의 지배기업 지위로만 남을 계획이며, 당사에서 직접적으로 본 사업에 대해 더 이상 진행하지 않을 계획입니다. 이하 본 보고서 내 해당 사업과 관련된 내용에서도 동일합니다. (3) 유통사업 2023년 2월 글로벌 1위 전자담배브랜드 ELFBAR(엘프바) 제품 국내 총판 독점 계약을 체결 하여 유통 사업에 진출하였으며 수입한  \n\n']",ELFBAR(엘프바) 전자담배브랜드,글로벌 1위 전자담배브랜드 'ELFBAR(엘프바)' 제품의 국내 총판 독점 계약이었습니다.,0.9999999999,1.0,1.0,0.6751304342890873
5,"제11기(당반기) 감사보고서의 감사의견은 무엇이며, 감사인은 누구인가?","['source : [세토피아][정정]반기보고서(2025.09.09).pdf, page : 4, \n content : 기업 관련 중요한 불확실성 강조사항 핵심감사 사항 제11기 (당반기) 감사보고서 삼일회계법인 - - - - - 연결감사보고서 삼일회계법인 - - - - - 사업연도 구분 감사인 감사의견 의견변형 사유 계속기업 관련 중요한 불확실성 강조사항 핵심감사 사항 제11기 (당반기) 감사보고서 삼일회계법인 의견거절 (1)계속기업의 불확실성 (2) 주요 검토절차의 제약 (1) 당기순손실 및 누적결손금 (2) 유동자산 대비 유동부채 과다 - - 연결감사보고서 \n\nsource : [세토피아][정정]반기보고서(2025.09.09).pdf, page : 189, \n content : V. 회계감사인의 감사의견 등 1. 외부감사에 관한 사항 가. 회계감사인의 명칭 및 감사의견 나. 감사용역 체결현황 다. 회계감사인과의 비감사용역 계약체결 현황 사업연도 구분 감사인 감사의견 의견변형사유 계속기업 관련 중요한 불확실성 강조사항 핵심감사사항 제11기 (당반기) 감사보고서 삼일회계법인 의견거절 (1)계속기업의 불확실성 (2) 주요 검토절차의 제약 (1) 당기순손실 및 누적결손금 (2) 유동자산 대비 유동부채 과다 - - 연결감사 보 \n\nsource : [세토피아][정정]반기보고서(2025.09.09).pdf, page : 4, \n content : <7. 증권의 발행을 통한 자금조달에 관한 사항> 7-1. 증권의 발행을 통한 자금조달 실적 (주4-1) 정정 전 가. 회계감사인의 명칭 및 감사의견 (주4-2) 정정 후 가. 회계감사인의 명칭 및 감사의견 (주5) 상세표 주석 정정 리스트 <3. 타법인출자 현황(상세)> 사업연도 구분 감사인 감사의견 의견변형 사유 계속기업 관련 중요한 불확실성 강조사항 핵심감사 사항 제11기 (당반기) 감사보고서 삼일회계법인 - - - - - 연결감사보고서  \n\nsource : [세토피아][정정]반기보고서(2025.09.09).pdf, page : 190, \n content : 션 3 2025년 02월 28일 - 회사: 등기감사 - 감사인: 업무수행이사 서면회의 기말감사 이슈사항 논의 4 2025년 03월 12일 - 회사: 등기감사 - 감사인: 업무수행이사 서면회의 특수관계자와의 거래 관련 커뮤니케이션 5 2025년 03월 31일 - 회사: 등기감사 - 감사인: 업무수행이사 서면회의 외부감사인의 감사의견 관련 커뮤니케이션 사업연도 감사인 검토의견 지적사항 제11기(당기) (2025년) 삼일회계법인 - - 전자공시시스템 \n\nsource : [세토피아][정정]반기보고서(2025.09.09).pdf, page : 189, \n content : 속기업 관련 중요한 불확실성 (1) 당기순손실 및 누적결손금 - - 연결감사 보고서 이촌회계법인 의견거절 상동 상동 - - (단위 : 백만원, 시간) 사업연도 감사인 내 용 감사계약내역 실제수행내역 보수 시간 보수 시간 제11기(당기) 삼일회계법인 K-IFRS 기반에 의한 분/반기 감사 및 개별(연결) 재무제표감 사 300 1,800 - - 제10기(전기) 이촌회계법인 K-IFRS 기반에 의한 분/반기 감사 및 개별(연결) 재무제표감 사 300 \n\n']","제11기(당반기) 감사보고서의 감사의견은 의견거절이며, 감사인은 삼일회계법인입니다.","감사인은 삼일회계법인이며, 감사의견은 '의견거절'입니다.",0.9999999999,1.0,1.0,0.7879672378834334
6,2025년 1월 20일 (주)에스에이코퍼레이션으로부터의 유형자산(토지 및 건물) 양수 계약은 어떻게 되었는가?,"['source : [세토피아][정정]반기보고서(2025.09.09).pdf, page : 211, \n content :  내부통제절차 및 예외 근거 이사회(2024.05.20)(2025.01.24) 및 상법 시행령 제35조 3항 1호 10. 회사에서 해당 채무를 부담한 경우 해당사항없음 1. 거래상대방 (주)에스에이코퍼레이션 - 회사와의 관계 최대주주 2. 거래종류 유형자산 양수 3. 계약체결일 2023년 11월 16일 4. 거래대상물 토지 및 건물 서울특별시 강남구 대치동 907-8 5. 거래목적 업무환경 개선을 위한 토지 및 건물 취득 자산 증대 및 임대수익 \n\nsource : [세토피아][정정]반기보고서(2025.09.09).pdf, page : 65, \n content :  통해 매도인과의 합의하여 2025년 01월 20일에 본 계약을 해지 하는 것으로 결정하게 되었습니다 <연구개발 활동> - 해당사항 없습니다. [종속회사] (2) MIM USA, INC. <경영상의 주요계약 등> - 해당사항 없습니다. 1. 계약상대방 (주)에스에이코퍼레이션 2. 자산구분 토지 및 건물 -자산명 서울특별시 강남구 대치동 907-8 (토지 722.5㎡, 건물 2,950.46㎡) 3. 계약의 목적 및 내용 업무환경 개선을 위한 토지 \n\nsource : [세토피아][정정]반기보고서(2025.09.09).pdf, page : 183, \n content : . 나. 대손충당금 설정현황(연결기준) 1) 최근 3사업연도의 계정과목별 대손충당금 설정내역 2023.11.17 유형자산양수(*1) 토지 및 건물 서울특별시 강남구 대치동 907-8 (토지 722.5㎡, 건물 2,950.46㎡) 업무환경 개선을 위한 토지 및 건물 취득 자산 증대 및 임대수익 발생 주요사항보고서(유형자산양수결정) (2023.11.17) 주요사항보고서(유형자산양수결정) (2023.11.24) 주요사항보고서(유형자산양수결정) (20 \n\nsource : [세토피아][정정]반기보고서(2025.09.09).pdf, page : 65, \n content : - 해당사항 없습니다. 6. 주요계약 및 연구개발활동 <경영상의 주요계약 등> 가. 유형자산 양수 결정 ※ 관련공시 : 2025.01.20 주요사항보고서(유형자산양수결정) 주1) 상기 계약금액은 부가가치세를 포함한 매매계약서상의 계약금액입니다. 주2) 2024년 04월 04일 감사의견 거절로 인해 매매거래정지가 되면서 신용도 하락에 의한 금융기관을 통한 신규차입이 중단됨에 따라 최초 잔금일인 2024년 04월 30일에 잔금 지급 이 불가한 상황 \n\nsource : [세토피아][정정]반기보고서(2025.09.09).pdf, page : 106, \n content : 년 1월 24일 변경계약을 통하여 만기일이 2027년 1월 26일로 변경 되었으며 기존 매도청구권 및 전환권 조항이 삭제되었습니다. (*5) 제 18회차 전환사채는 2025년 3월 31일 주식 양수도 계약을 합의 해제 후 당사가 취득한 (주)케 이씨엠인더스트리의 주식 전부를 거래 상대방에게 반환하고, 거래대금으로 지급한 사채를 전액 반환 받았습니다. (*6) 제 20회차 전환사채는 2025년 3월 31일 주식 양수도 계약을 합의 해제 후 당사가 \n\n']",2025년 1월 20일에 (주)에스에이코퍼레이션과의 계약을 해지하는 것으로 결정했습니다.,2025년 1월 20일부로 해당 계약을 해지(철회)하였습니다.,0.9999999999,1.0,1.0,0.7724896707382948
7,2025년 2월 12일에 완료된 무상감자의 비율은 어떻게 되는가?,"['source : [세토피아][정정]반기보고서(2025.09.09).pdf, page : 179, \n content : 23 - 전자공시시스템 dart.fss.or.kr Page 176주1) 2022년 1월 28일 임시주주총회에서 주식병합안건이 승인됨에 따라 2022년 2월 14일 을 기준일로 당사 주식의 액면가액이 100원에서 500원으로 병합되었으며 이에 따라 등기 주 식수가 감소되었습니다. 주2) 2025년 01월 27일 임시주주총회를 통해 무상감자결의하였으며, 2025년 02월 12일 효 력발생일 기준으로 5:1 무상감자를 완료하였습니다. 미상환 전환사채 발행현황 주1) 전기 재매각된 전환사채로 당기 중 채권자와의 합 \n\nsource : [세토피아][정정]반기보고서(2025.09.09).pdf, page : 22, \n content : 주1) 2022년 2월 14일을 기준일로 하여 당사 주식의 액면가액이 100원에서 500원으로 병 합되었습니다. 주2) 2025년 02월 12일 효력발생일 기준으로 하여 5:1 무상감자를 완료하였으며, 발행주식 총수는 15,131,870주, 자본금은 7,565,935,000원으로 변동되었습니다. 4. 주식의 총수 등 주식의 총수 현황 자기주식 취득 및 처분 현황 액면금액 - - - 자본금 - - - 기타 발행주식총수 - - - 액면금액 - -  \n\nsource : [세토피아][정정]반기보고서(2025.09.09).pdf, page : 179, \n content : 일 기준으로 5:1 무상감자를 완료하였습니다. 미상환 전환사채 발행현황 주1) 전기 재매각된 전환사채로 당기 중 채권자와의 합의에 의해 상환의무가 발생함에 따라 전환사채(부채)로 재분류되었습니다. 주2) 2025년 3월 31일 주식 양수도 계약을 합의 해제 후 당사가 취득한 (주)케이씨엠인더스 트리의 주식 전부를 거래 상대방에게 반환하고, 거래대금으로 지급한 사채를 전액 반환 받았 습니다. 주3) 2025년 3월 31일 주식 양수도 계약을 합의 \n\nsource : [세토피아][정정]반기보고서(2025.09.09).pdf, page : 179, \n content : 00 1,123 - 2023년 12월 29일 전환권행사 보통주 415,626 500 1,203 - 2025년 02월 12일 무상감자 보통주 60,527,480 500 - 주2) (기준일 : 2025년 06월 30일 ) (단위 : 원, 주) 종류＼구분 회차 발행일 만기일 권면(전자등록)총액 전환대상 주식의 종류 전환청구가능기간 전환조건 미상환사채 비고 전환비율 (%) 전환가액 권면(전자등록)총액 전환가능주식수 제12회 무기명식 무보증 사모 전환사 \n\nsource : [세토피아][정정]반기보고서(2025.09.09).pdf, page : 118, \n content : 29. 주당손익 (1) 당반기와 전반기의 기본주당이익(손실)의 내역은 다음과 같습니다. (2) 기본주당이익(손실) 계산에 사용된 당기순이익과 가중평균유통보통주식수는 다음과 같 습니다. (*1) 당반기 중 실시된 무상감자의 감자비율(5 : 1)이 반영되었습니다. (3) 희석주당손익 잠재적 보통주의 희석화 효과가 없으므로 희석주당순손익을 계산하지 않았습니다. 따라서, 기본주당이익과 희석주당이익은 동일합니다. (단위: 원) 구 분 당반기 전반기 3개 \n\n']",5:1,5:1 무상감자를 완료하였습니다.,0.9999999999,1.0,1.0,0.7205319705534488
8,"2025년 6월 30일 기준, 세토피아의 최대주주는 누구이며 지분율은 몇 %인가?","['source : [세토피아][정정]반기보고서(2025.09.09).pdf, page : 201, \n content : 시스템 dart.fss.or.kr Page 198VII. 주주에 관한 사항 가. 최대주주 및 특수관계인의 주식소유 현황 나. 최대주주의 주요경력 및 개요 (1) 최대주주(법인 또는 단체)의 기본정보 (1)-1. 법인 또는 단체의 대표이사, 업무집행자, 최대주주의 변동내역 (2) 최대주주(법인 또는 단체)의 최근 결산기 재무현황 (기준일 : 2025년 06월 30일 ) (단위 : 주, %) 성 명 관 계 주식의 종류 소유주식수 및 지분율 비고 기 초 기 말 주식수 지분율 주식수 지분율 (주)에 \n\nsource : [세토피아][정정]반기보고서(2025.09.09).pdf, page : 20, \n content :  제기된 사실이 없습니다. Ⅵ. 신주배정 등에 관한 사항 합병법인 (주)세토피아는 피합병법인 (주)제이슨앤컴퍼니의 지분을 100% 보유하고 있으며, 본 합병 완료 시 (주)세토피아는 존속회사로 계속 남아 있게 되며, 피합병법인 (주)제이슨앤컴퍼니는 해산하 여 소멸하게 됩니다. 합병법인 (주)세토피아는 본 합병을 함에있어 신주를 발행하지 않으며, 합병으 로 인해 지급한 별도의 합병 교부금도 없습니다. 본 합병 완료 후 (주)세토피아의 최대주주 변 \n\nsource : [세토피아][정정]반기보고서(2025.09.09).pdf, page : 202, \n content : 주가 및 주식거래실적 영업이익 -686 당기순이익 -7,392 (기준일 : 2025년 06월 30일 ) (단위 : 주, %) 변동일 최대주주명 소유주식수 지분율 변동원인 비 고 2020년 05월 12일 (주)에스에이코퍼레이션 4,097,656 13.2 제3자배정유상증자 - (기준일 : 2025년 06월 30일 ) (단위 : 주) 구분 주주명 소유주식수 지분율(%) 비고 5% 이상 주주 (주)에스에이코퍼레이션 1,042,986 6.89 최대주주  \n\nsource : [세토피아][정정]반기보고서(2025.09.09).pdf, page : 16, \n content : 향 본 보고서 제출일 현재 합병법인인 (주)세토피아 는 피합병법인인 (주)제이슨앤컴퍼니의 발행주식 을 100% 소유하고 있으며, 합병신주를 발행하지 않는 무증자 합병으로 진행합니다. 본 합병 완료 시 (주)세토피아는 존속회사로 계속 남아있고 소멸회사인 (주)제이슨앤컴퍼니는 합병 후 해산하게 되며, 본 합병 완료 후 (주)세토피아 의 최대주주 변경은 없습니다. 4. 합병비율 (주)세토피아: (주)제이슨앤컴퍼니= 1:0 - 기업인수목적회사 소멸합병 \n\nsource : [세토피아][정정]반기보고서(2025.09.09).pdf, page : 202, \n content : 9,034 부채총계 48,043 자본총계 990 매출액 418 전자공시시스템 dart.fss.or.kr Page 199(3) 사업현황 등 회사 경영 안정성에 영향을 미칠 수 있는 주요 내용 - 해당사항 없습니다. 다. 최대주주 변동내역 최대주주 변동내역 주1) 변동일 기준 최대주주의 소유주식수는 2025년 02월 12일 5:1 무상감자 이전의 주식 수 입니다. 라. 주식의 분포 (1) 주식 소유현황 (2) 소액주주현황 소액주주현황 바. 주가 및 주식거래실적 영업이익 -686 당기순이익 -7,392 (기준일 : 2025년 06월 30일 ) (단위 : 주, %)  \n\n']","2025년 6월 30일 기준, 세토피아의 최대주주는 (주)에스에이코퍼레이션이며 지분율은 6.89% 입니다.","최대주주는 (주)에스에이코퍼레이션이며, 지분율은 6.89%입니다.",0.9999999999,1.0,1.0,0.8190677902994313
9,"2025년 3월 12일 증권선물위원회가 세토피아에 부과한 과징금 금액은 얼마이며, 주된 사유는 무엇인가?","[""source : [세토피아][정정]반기보고서(2025.09.09).pdf, page : 214, \n content : 로부터 받은 제재 일자 제재기관 대상자 처벌 또는 조치 내용 금전적 제재금액 사유 근거법령 2025.01.20 (*1) 증권선물위원회 (주)세토피아 과징금 과징금 1억7,680만원 상장법인 등의 신고·공시의무 위반 자본시장과 금융투자업에 관한 법률 제161조 등 2025.03.12 (*2) 증권선물위원회 (주)세토피아 1. 과징금 2. 과태료 3. 감사인지정 3년 4. 면직권고 5. 지적사항 회계장부 및 재무제표 반영 6. 검찰통보 1. 과징금 \n\nsource : [세토피아][정정]반기보고서(2025.09.09).pdf, page : 214, \n content : 3. 제재 등과 관련된 사항 가. 제재현황 (1) 수사ㆍ사법기관의 제재현황 - 해당사항 없습니다. (2) 행정기관의 제재 현황 (*1) 2025년 1월 20일 증권선물위원회는 '자본시장과 금융투자업에 관한 법률' 등 위반행위 에 대하여 과징금 1억 7,680만원 부과 조치를 의결하였습니다. 당사는 본 조치에 대하여 2025년 4월 22일 서울행정법원에 행정소송(2025구합53826)을 제기하였습니다. (*2) 2025년 03월 12일 증권선물위 \n\nsource : [세토피아][정정]반기보고서(2025.09.09).pdf, page : 214, \n content : 5년 4월 22일 서울행정법원에 행정소송(2025구합53826)을 제기하였습니다. (*2) 2025년 03월 12일 증권선물위원회는 주식회사의 외부감사에 관한 법률에 따라 당사에 대하여 금융자산·부채 과대계상(2019년 8,000백만원)에 대한 지적사항과 관련하여 과징금 2.7억원, 과태료 1억원, 감사인지정 3년, 면직권고(前담당임원 1인), 지적사항에 대한 회계장 부 및 재무제표 반영, 검찰통보(회사, 前대표이사 1인, 前업무집행지시자 1인 \n\nsource : [세토피아][정정]반기보고서(2025.09.09).pdf, page : 214, \n content : 등 2025.03.31 금융감독원 (주)세토피아 과태료 1,000만원 외국환거래법 위반 외국환거래법 제18조 및 외국환거래규정 제7-31조 2025.04.28 증권선물위원회 (주)세토피아 증권발행제한 6개월 (2025.04.28~2025.10.27) - 2019년 사업보고서 지연 제출 - 제출기한 : 2020.05.15 - 제출일자 : 2020.05.25 자본시장과 금융투자업에 관한 법률 제159조 등 제재 조치일 조치기관 조치대상자 조치내용  \n\nsource : [세토피아][정정]반기보고서(2025.09.09).pdf, page : 215, \n content : 12다. 단기매매차익의 발생 및 반환에 관한 사항 - 해당사항 없습니다. 4. 작성기준일 이후 발생한 주요사항 등 기타사항 가. 작성기준일 이후 발생한 주요사항 - 해당사항 없습니다. 나. 중소기업기준 검토표 2025-04-15 한국거래소 (주)세토피아 - 부과벌점 7.0점 - 유형 : 공시번복, 공시변경 - 내용 : 유형자산 양수 결정 철회 및 타법인주식 및 출자 증권 취득금액 50% 이상 변경 - 근거규정 : 코스닥시장공시규정 제28조, 제29 \n\n""]","2025년 3월 12일 증권선물위원회가 세토피아에 부과한 과징금은 2.7억원이며, 금융자산·부채 과대계상(2019년 8,000백만원)에 대한 지적사항이 주된 사유입니다.","과징금 2.7억원이 부과되었으며, 주된 사유는 금융자산·부채 과대계상(2019년 8,000백만원)입니다.",0.9999999999,1.0,1.0,0.8249363265271014
10,(주)제이슨앤컴퍼니 합병 이후 세토피아의 주된 사업은 무엇으로 변경되었는가?,"['source : [세토피아][정정]반기보고서(2025.09.09).pdf, page : 16, \n content : 향 본 보고서 제출일 현재 합병법인인 (주)세토피아 는 피합병법인인 (주)제이슨앤컴퍼니의 발행주식 을 100% 소유하고 있으며, 합병신주를 발행하지 않는 무증자 합병으로 진행합니다. 본 합병 완료 시 (주)세토피아는 존속회사로 계속 남아있고 소멸회사인 (주)제이슨앤컴퍼니는 합병 후 해산하게 되며, 본 합병 완료 후 (주)세토피아 의 최대주주 변경은 없습니다. 4. 합병비율 (주)세토피아: (주)제이슨앤컴퍼니= 1:0 - 기업인수목적회사 소멸합병 \n\nsource : [세토피아][정정]반기보고서(2025.09.09).pdf, page : 20, \n content :  제기된 사실이 없습니다. Ⅵ. 신주배정 등에 관한 사항 합병법인 (주)세토피아는 피합병법인 (주)제이슨앤컴퍼니의 지분을 100% 보유하고 있으며, 본 합병 완료 시 (주)세토피아는 존속회사로 계속 남아 있게 되며, 피합병법인 (주)제이슨앤컴퍼니는 해산하 여 소멸하게 됩니다. 합병법인 (주)세토피아는 본 합병을 함에있어 신주를 발행하지 않으며, 합병으 로 인해 지급한 별도의 합병 교부금도 없습니다. 본 합병 완료 후 (주)세토피아의 최대주주 변 \n\nsource : [세토피아][정정]반기보고서(2025.09.09).pdf, page : 16, \n content : 세토피아 의 최대주주 변경은 없습니다. 4. 합병비율 (주)세토피아: (주)제이슨앤컴퍼니= 1:0 - 기업인수목적회사 소멸합병의 경우 기업인수목적회사 마지막 거 래일 종가 대비 합병신주의 상장 당일 기준가격의 배수 - 5. 합병비율 산출근거 합병법인인 (주)세토피아는 피합병법인인 (주)제 이슨앤컴퍼니의 주식을 100% 소유하고 있으며, 합병 시 합병회사는 피합병회사의 주식에 대해 신 주를 발행하지 않으므로 합병비율을 1:0으로 산출 하였습니다. \n\nsource : [세토피아][정정]반기보고서(2025.09.09).pdf, page : 16, \n content : 1. 합병방법 ㈜세토피아가 ㈜제이슨앤컴퍼니를 흡수합병 1) 존속회사: ㈜세토피아 2) 소멸회사: ㈜제이슨앤컴퍼니 - 합병형태 소규모합병 2. 합병목적 철강전문기업과의 합병을 통한 신규사업 진출 및 매출확대, 손익구조 개선을 통한 기업가치 제고 및 주주가치 제고 3. 합병의 중요영향 및 효과 (1) 회사의 경영에 미치는 영향 본 보고서 제출일 현재 합병법인인 (주)세토피아 는 피합병법인인 (주)제이슨앤컴퍼니의 발행주식 을 100% 소유하고 있으며 \n\nsource : [세토피아][정정]반기보고서(2025.09.09).pdf, page : 20, \n content : 자 이의 제출 기간(2022년 06월 21일 ~ 2022년 07월 22일)동안 존속회사인 (주)세토피아의 채 권자 중 이의를 제출한 채권자는 없었으며, 소멸회사인 (주)제이슨앤컴퍼니의 채권자 중 수협은행의 이의제출로 인하여 차입금을 전액 상환하였습니다. Ⅴ. 관련 소송의 현황 본 합병의 효력에 영향을 미칠 수 있는 소송이 제기된 사실이 없습니다. Ⅵ. 신주배정 등에 관한 사항 합병법인 (주)세토피아는 피합병법인 (주)제이슨앤컴퍼니의 지분을 10 \n\n']",제공된 컨텍스트만으로는 질문에 답변할 수 없습니다.,'소프트웨어 자문 개발 및 공급업'에서 '1차 철강 제조 및 도매업'으로 변경되었습니다.,0.9999999999,0.0,0.0,0.0
11,세토피아의 전자담배 유통사업의 2024년 이후 현황과 그 이유는 무엇인가?,"['source : [세토피아][정정]반기보고서(2025.09.09).pdf, page : 47, \n content : 작된 사업으로 ""ELFBAR(엘프바)"" 제품구입비 및 통관비등 부 대비용을 포함하여 약 33억원 가량이 당사 보유자금으로 소요되었습니다. 4. 사업 추진현황(조직 및 인력구성 현황, 연구개발활동 내역, 제품 및 서비스 개발 진척도 및 상용화 여부, 매출 발생여부 등) 당사는 유통 사업 시작 후 수입한 물량에 대해 2024년 내에 전량 판매 완료하였습니다. 5. 기존 사업과의 연관성 해당사항 없습니다. 6. 주요 위험 전자담배는 일반담배보다 유해 \n\nsource : [세토피아][정정]반기보고서(2025.09.09).pdf, page : 44, \n content : 갈 예정입니다. 이하 본 보고서 내 해당 사업과 관련된 내용에서도 동일합니다. 8. 미추진 사유 해당사항 없습니다. <유통사업> 1. 사업 분야(업종, 제품 및 서비스의 내용 등) 및 진출 목적 당사는 유통사업에 진출할 목적으로 미국, 캐나다, 영국, 말레이시아, 러시아, 뉴질랜드 등 세 계 각지에서 온,오프라인 채널을 통해 판매중인 2023년 2월 글로벌1위를 차지한 전자담배브 랜드 ""ELFBAR(엘프바)"" 제품의 국내 총판 독점 계약을 체결 \n\nsource : [세토피아][정정]반기보고서(2025.09.09).pdf, page : 50, \n content : 다. 유통사업 2023년 2월 글로벌 1위 전자담배브랜드 ELFBAR(엘프바) 제품 국내 총판 독점 계약을 체결 하여 유통 사업에 진출하였으며 수입한 물량에 대해 2024년 내에 전량 판매 완료하였습니다 . 그러나 시장의 급속한 트렌드 변화와 제품의 리뉴얼 및 업그레이드 주기에 대비하여 판매량 및 비용 부담과 수익성이 저조하여 추가 수입은 진행하지 않고 있습니다. 이하 본 보고서 내 해당 사업과 관련된 내용에서도 동일합니다. 본 보고서 작성일  \n\nsource : [세토피아][정정]반기보고서(2025.09.09).pdf, page : 196, \n content : 3) 감사위원 현황 4) 감사위원회(감사)의 주요활동 내역 감사직무규정 내 용 제44조3 (감사의 직무와 의무) ① 감사의 회사의 회계와 업무를 감사한다. ② 감사는 회의의 목적사항과 소집의 이유를 기재한 서면을 이사회에 제출하여 임시주주총회의 소집을 청구할 수 있다. ③ 감사는 그 직무를 수행하기 위하여 필요한 때에는 자회사에 대하여 영업의 보고를 요구할 수 있다. 이 경우 자회사가 지체없이 보고를 하 지 아니할 때 또는 그 보고의 내용을 확 \n\nsource : [세토피아][정정]반기보고서(2025.09.09).pdf, page : 20, \n content : 자 이의 제출 기간(2022년 06월 21일 ~ 2022년 07월 22일)동안 존속회사인 (주)세토피아의 채 권자 중 이의를 제출한 채권자는 없었으며, 소멸회사인 (주)제이슨앤컴퍼니의 채권자 중 수협은행의 이의제출로 인하여 차입금을 전액 상환하였습니다. Ⅴ. 관련 소송의 현황 본 합병의 효력에 영향을 미칠 수 있는 소송이 제기된 사실이 없습니다. Ⅵ. 신주배정 등에 관한 사항 합병법인 (주)세토피아는 피합병법인 (주)제이슨앤컴퍼니의 지분을 10 \n\n']",시장의 급속한 트렌드 변화와 제품의 리뉴얼 및 업그레이드 주기에 대비하여 판매량 및 비용 부담과 수익성이 저조하여 추가 수입은 진행하지 않고 있습니다.,"2024년 내 수입 물량을 전량 판매 완료하였으나, 시장 트렌드 변화와 수익성 저조로 인해 추가 수입은 하지 않고 있으며 향후 계획도 없습니다.",0.9999999999,1.0,1.0,0.0
12,세토피아의 희토류 사업 계획은 어떻게 수정되었는가?,"['source : [세토피아][정정]반기보고서(2025.09.09).pdf, page : 18, \n content : 본 합병의 과정에서는 증권신 고서 제출이필요한 증권의 모집이나 매출이 이루 어지지 않습니다. 17. 향후 회사구조개편에 관한 계획 현재 또는 합병완료 후 추진중이거나 계획중인 회사의 구조 개편에관하여 확정된 사항은 없습니다. 18. 기타 투자판단과 관련한 중요사항 (1) 본 합병은 상법 제527조의3에 의한 소규모합병 방식으로 진행되므로 주식회사 세토피아의 주주들에게 주 식매수청구권이 인정되지 않으며, 합병에 대한 주주총회의 승인은 이사회 승인 \n\nsource : [세토피아][정정]반기보고서(2025.09.09).pdf, page : 75, \n content : 3. 연결재무제표 주석 1. 일반 사항 주식회사 세토피아(이하 \'지배기업\')와 종속기업(이하 지배기업과 종속기업을 합하여\'연결회 사\')은 보안 솔루션 관련 소프트웨어 설계ㆍ개발 및 판매와 컨설팅 등을 사업목적으로 하여 1995년 10월에 설립되었으며, 서울시 강남구 삼성로 81길 35, 3층에 본사를 두고 있습니다. 지배기업은 2022년 8월 1일자 주주총회 결의에 의거 주식회사 마이더스AI에서 주식회사 세 토피아로 상호를 변경하였으며, 현재는 \n\nsource : [세토피아][정정]반기보고서(2025.09.09).pdf, page : 129, \n content : 5. 재무제표 주석 1. 회사의 개요 주식회사 세토피아(이하 ""당사""라 함)는 보안 솔루션 관련 소프트웨어 설계ㆍ개발 및 판매와 컨설팅 등을 사업목적으로 하여 1995년 10월에 설립되었으며, 서울시 강남구삼성로 81길 35, 3층에 본사를 두고 있습니다. 당사는 2022년 8월 1일자 주주총회 결의에 의거 주식회 사 마이더스AI에서 주식회사 세토피아로 상호를 변경하였으며, 2023년 1월 2일자로 종속회 사인 주식회사 제이슨앤컴퍼니를 흡수합병 \n\nsource : [세토피아][정정]반기보고서(2025.09.09).pdf, page : 45, \n content : 위험성이 존재합니다. 7. 향후 추진계획 시장의 급속한 트렌드 변화와 제품의 리뉴얼 및 업그레이드 주기에 대비하여 판매량과 수익 성이 저조하여 추가 수입은 하지 않았습니다. 당사는 본 사업에 대해 추가수입에 대한 계획 은 없으며, 이하 본 보고서 내 해당 사업과 관련된 내용에서도 동일합니다. 8. 미추진 사유 해당사항 없습니다. <희토류 사업> 1. 사업 분야(업종, 제품 및 서비스의 내용 등) 및 진출 목적 당사는 네오디뮴 영구자석 분말 (N \n\nsource : [세토피아][정정]반기보고서(2025.09.09).pdf, page : 16, \n content : 향 본 보고서 제출일 현재 합병법인인 (주)세토피아 는 피합병법인인 (주)제이슨앤컴퍼니의 발행주식 을 100% 소유하고 있으며, 합병신주를 발행하지 않는 무증자 합병으로 진행합니다. 본 합병 완료 시 (주)세토피아는 존속회사로 계속 남아있고 소멸회사인 (주)제이슨앤컴퍼니는 합병 후 해산하게 되며, 본 합병 완료 후 (주)세토피아 의 최대주주 변경은 없습니다. 4. 합병비율 (주)세토피아: (주)제이슨앤컴퍼니= 1:0 - 기업인수목적회사 소멸합병 \n\n']",제공된 컨텍스트만으로는 질문에 답변할 수 없습니다.,"당사(세토피아)는 종속회사의 지배기업 지위로만 남고, 종속회사인 (주)지씨엠이 해당 사업을 독자적으로 운영할 예정이며, 당사가 직접적으로 사업을 진행하지 않을 계획입니다.",0.9999999999,1.0,0.0,0.0
13,"세토피아의 미국 종속회사 MIM USA, INC.가 영위하던 카나비스 사업의 현재 상태는 어떠한가?","['source : [세토피아][정정]반기보고서(2025.09.09).pdf, page : 10, \n content : 고 있습니다. 이하 본 보고서 내 해당 사업과 관련된 내용에서도 동일합니다. (4) 카나비스사업 당사의 미국현지법인 종속회사인 MIM USA,INC.는 당사의 손자회사인 Melrose Facility Management, LLC를 통해 카나비스 제조 및 유통사업을 영위하고 있습니다. 주요제품은 카 나비스 추출물입니다. 당사의 미국현지법인 종속회사 MIM USA,INC.은 종속기업 Melrose Facility Management, LLC 를 2 \n\nsource : [세토피아][정정]반기보고서(2025.09.09).pdf, page : 50, \n content :  INC.는 당사의 손자회사인 Melrose Facility Management, LLC를 통하여 미국 캘리포니아 주에서 의료용(Medical)과 기호용 (Recreational) 카나비스(Cannabis/Marijuana, 대마초) 제품 유통 사업을 영위하고 있습니 다. 당사의 미국현지법인 종속회사 MIM USA,INC.은 2025년 04월 25일 종속기업 Melrose Facility Management, LLC 의 보유 지분을 전부 매각하 \n\nsource : [세토피아][정정]반기보고서(2025.09.09).pdf, page : 50, \n content : 조하여 추가 수입은 진행하지 않고 있습니다. 이하 본 보고서 내 해당 사업과 관련된 내용에서도 동일합니다. 본 보고서 작성일 기준 당사의 연결대상 종속회사는 ㈜아이홉씨비디, ㈜지씨엠 국내 2개사와 MIM USA, INC., GCM VINA 해외 2개사를 합쳐 총 4개사입니다. 당사의 미국현지법인 종속회사인 MIM USA, INC.는 당사의 손자회사인 Melrose Facility Management, LLC를 통하여 미국 캘리포니아 주에서 의료 \n\nsource : [세토피아][정정]반기보고서(2025.09.09).pdf, page : 10, \n content : 사의 미국현지법인 종속회사 MIM USA,INC.은 종속기업 Melrose Facility Management, LLC 를 2025년 04월 25일 매각하였으며, 보고서 제출일 현재 해당 사업을 진행하지 않고 있습니다. 이하 본 보고서 내 해당 사업과 관련된 내용에서도 동일합니다. 기타 자세한 사항은 동 보고서의 「Ⅱ. 사업의 내용」을 참조하시기 바랍니다. 바. 신용평가에 관한 사항 사. 회사의 주권상장(또는 등록ㆍ지정) 및 특례상장에 관한 사 \n\nsource : [세토피아][정정]반기보고서(2025.09.09).pdf, page : 77, \n content : 전자공시시스템 dart.fss.or.kr Page 741.1 종속기업 현황 (*1) 당반기 중 지배기업이 보유하고 있던 ㈜아이홉씨비디의 지분 100%를 종속회사인 ㈜지씨엠에 매각함에 따라, ㈜지씨엠은 ㈜아이홉씨비디의 지분 전부를 보유하고 있습니다. (*2) 당반기 중 지배기업이 보유하고 있던 MIM USA Inc.의 지분 100%를 종속회사인 ㈜지씨엠에 매 각함에 따라, ㈜지씨엠은 MIM USA Inc.의 지분 전부를 보유하고 있습니다. (*3) 당반기 중 투자지분 전부를 처분하여 연결대상 종속기 \n\n']","세토피아의 미국 종속회사 MIM USA, INC.는 2025년 04월 25일 손자회사인 Melrose Facility Management, LLC를 매각하여 카나비스 사업을 진행하지 않고 있습니다.","2025년 4월 25일, 종속기업인 Melrose Facility Management, LLC의 지분을 전량 매각하였으며, 보고서 제출일 현재 해당 사업을 진행하지 않고 있습니다.",0.9999999999,1.0,0.6666666666666666,0.8507833423797831
14,2023년 1월 27일 임시주총에서 사업목적으로 추가했던 '폐기물 사업'과 '애견 사업'을 추진하지 않은 이유는 무엇인가?,"[""source : [세토피아][정정]반기보고서(2025.09.09).pdf, page : 48, \n content : 입은 하지 않았습니다. 당사는 본 사업에 대해 추가수입에 대한 계획 은 없으며, 이하 본 보고서 내 해당 사업과 관련된 내용에서도 동일합니다. 8. 미추진 사유 해당사항 없습니다. <폐기물 사업> 1. 미추진 사유 당사는 병원에서 발생하는 의료용 폐기물을 처리하고 폐기하는 사업을 진행하고자 사업목 적을 추가하였으나 관련인허가 및 관련규제 등 사업성을 면밀히 검토한 결과 당사의 신규사 업으로는 적합하지 않다고 판단하여 미추진하였습니다. <애견사업 \n\nsource : [세토피아][정정]반기보고서(2025.09.09).pdf, page : 75, \n content : 3. 연결재무제표 주석 1. 일반 사항 주식회사 세토피아(이하 '지배기업')와 종속기업(이하 지배기업과 종속기업을 합하여'연결회 사')은 보안 솔루션 관련 소프트웨어 설계ㆍ개발 및 판매와 컨설팅 등을 사업목적으로 하여 1995년 10월에 설립되었으며, 서울시 강남구 삼성로 81길 35, 3층에 본사를 두고 있습니다. 지배기업은 2022년 8월 1일자 주주총회 결의에 의거 주식회사 마이더스AI에서 주식회사 세 토피아로 상호를 변경하였으며, 현재는 \n\nsource : [세토피아][정정]반기보고서(2025.09.09).pdf, page : 129, \n content : 이더스AI에서 주식회사 세토피아로 상호를 변경하였으며, 2023년 1월 2일자로 종속회 사인 주식회사 제이슨앤컴퍼니를 흡수합병하고 스테인리스강의 판매, 가공 및 제조업을 주 요 사업으로 영위하고 있습니다. 당반기말 현재 당사의 주요 주주의 구성내역은 다음과 같습 니다. 2. 중요한 회계정책 2.1 반기 재무제표 작성 기준 동 재무제표는 연차재무제표가 속하는 기간의 일부에 대하여 기업회계기준서 제1034호 '중 간재무보고'를 적용하여 작성하는 요 \n\nsource : [세토피아][정정]반기보고서(2025.09.09).pdf, page : 206, \n content : 연간급여총액'은 중도퇴사자 급여총액을 포함하였으며, '1인 평균급여액'은 월별 가중 평균치를 산정하여 적용하였습니다. 다. 미등기임원 보수 현황 (주1) '직원수'는 기준일 현재 지점포함 재임 중인 임원 기준입니다. (주2) '연간급여총액'은 2025.01.01~2025.06.30 기간 동안의 소득세법 제20조에 따라 관할 세무서에 제출하는 근로소득지급명세서의 근로소득을 기준으로 기재하였습니다. (주3) '연간급여총액'은 중도퇴사자 급여총액을  \n\nsource : [세토피아][정정]반기보고서(2025.09.09).pdf, page : 79, \n content : 회사는 2025년 1월 1일로 개시하는 회계기간부터 다음의 주요 제ㆍ개정 기준서 및 해석 서를 신규로 적용하였으며, 해당 기준서 및 해석서의 개정이 연결회사의 반기연결재무제표 에 미치는 중요한 영향은 없습니다. - 기업회계기준서 제1021호 '환율변동효과' 및 제1101호 '한국채택국제회계기준의 최초채 택'(개정): 교환가능성 결여 나. 연결회사가 적용하지 않은 제ㆍ개정 기준서 및 해석서 제정ㆍ공표되었으나 2025년 1월 1일 이후 시작하는 회 \n\n""]",당사는 병원에서 발생하는 의료용 폐기물을 처리하고 폐기하는 사업을 진행하고자 사업 목적을 추가하였으나 관련 인허가 및 관련 규제 등 사업성을 면밀히 검토한 결과 당사의 신규 사업으로는 적합하지 않다고 판단하여 미추진하였습니다.,"폐기물 사업은 인허가 및 규제 등 사업성 검토 결과 부적합하다고 판단했고, 애견 사업은 다른 신규사업이 먼저 진행되어 잠정 보류되었습니다.",0.9999999999,0.5,1.0,0.0
15,"제9기, 제10기, 제11기(당반기) 3개 기간 연속 감사의견은 무엇이었으며, 각 기간의 감사인은 누구인가?","['source : [세토피아][정정]반기보고서(2025.09.09).pdf, page : 189, \n content : 0 1,800 - - 제10기(전기) 이촌회계법인 K-IFRS 기반에 의한 분/반기 감사 및 개별(연결) 재무제표감 사 300 1,890 300 1,656 제9기(전전기) 이촌회계법인 K-IFRS 기반에 의한 분/반기 감사 및 개별(연결) 재무제표감 사 270 1,673 270 1,882 사업연도 계약체결일 용역내용 용역수행기간 용역보수 비고 제11기(당기) - - - - - 제10기(전기) 2025.02.11 세무조정 용역계약 2025.02. \n\nsource : [세토피아][정정]반기보고서(2025.09.09).pdf, page : 199, \n content : 들의 의견을 수용하여 소수주주들이 추천 한 이사 및 감사 선임의 건을 임시주총 안건으로 상정 - 이사회: 이사회의 추천으로 사내이사(1인), 사외이사(2인 ), 기타비상무이사(1인) 및 감사(1인)의 선임을 제안 - 주주총회 개최 전 주주측에서 제안한 이사 및 감사 후보 자 일괄 사퇴로 주주제안 안건 상정은 철회되었으며, 이사 회 추천의 선임 건은 표결을 통해 가결됨 정기주주총회 (2024.03.28) 제1호 의안 : 제9기 재무제표 승인의 건 \n\nsource : [세토피아][정정]반기보고서(2025.09.09).pdf, page : 189, \n content : 속기업 관련 중요한 불확실성 (1) 당기순손실 및 누적결손금 - - 연결감사 보고서 이촌회계법인 의견거절 상동 상동 - - (단위 : 백만원, 시간) 사업연도 감사인 내 용 감사계약내역 실제수행내역 보수 시간 보수 시간 제11기(당기) 삼일회계법인 K-IFRS 기반에 의한 분/반기 감사 및 개별(연결) 재무제표감 사 300 1,800 - - 제10기(전기) 이촌회계법인 K-IFRS 기반에 의한 분/반기 감사 및 개별(연결) 재무제표감 사 300 \n\nsource : [세토피아][정정]반기보고서(2025.09.09).pdf, page : 4, \n content : 기업 관련 중요한 불확실성 강조사항 핵심감사 사항 제11기 (당반기) 감사보고서 삼일회계법인 - - - - - 연결감사보고서 삼일회계법인 - - - - - 사업연도 구분 감사인 감사의견 의견변형 사유 계속기업 관련 중요한 불확실성 강조사항 핵심감사 사항 제11기 (당반기) 감사보고서 삼일회계법인 의견거절 (1)계속기업의 불확실성 (2) 주요 검토절차의 제약 (1) 당기순손실 및 누적결손금 (2) 유동자산 대비 유동부채 과다 - - 연결감사보고서 \n\nsource : [세토피아][정정]반기보고서(2025.09.09).pdf, page : 199, \n content : 제3호 의안 : 부결 제4호 의안 제4-1호 의안 : 가결 제4-2호 의안 : 부결 [주주제안 관련 사항] - 주주: 경영권에 영향을 주기 위한 목적으로 기존 사내이 사(3인), 사외이사(1인), 감사(1인)의 해임을 제안하고, 독 립적인 사내이사(6인), 사외이사(2인), 감사(1인)의 선임을 제안 - 회사: 소수 주주들의 의견을 수용하여 소수주주들이 추천 한 이사 및 감사 선임의 건을 임시주총 안건으로 상정 - 이사회: 이사회의 추천으로 사 \n\n']","제9기는 이촌회계법인 K-IFRS 기반에 의한 분/반기 감사 및 개별(연결) 재무제표감사, 제10기는 이촌회계법인 K-IFRS 기반에 의한 분/반기 감사 및 개별(연결) 재무제표감사, 제11기(당반기)는 삼일회계법인 K-IFRS 기반에 의한 분/반기 감사 및 개별(연결) 재무제표감사 입니다.","제9기(이촌회계법인, 의견거절), 제10기(이촌회계법인, 의견거절), 제11기 당반기(삼일회계법인, 의견거절)로 3회 연속 '의견거절'을 받았습니다.",0.9999999999,1.0,1.0,0.7971226823464657
16,제11기 당반기 감사의견거절의 두 가지 주요 사유는 무엇인가?,"['source : [세토피아][정정]반기보고서(2025.09.09).pdf, page : 4, \n content : 기업 관련 중요한 불확실성 강조사항 핵심감사 사항 제11기 (당반기) 감사보고서 삼일회계법인 - - - - - 연결감사보고서 삼일회계법인 - - - - - 사업연도 구분 감사인 감사의견 의견변형 사유 계속기업 관련 중요한 불확실성 강조사항 핵심감사 사항 제11기 (당반기) 감사보고서 삼일회계법인 의견거절 (1)계속기업의 불확실성 (2) 주요 검토절차의 제약 (1) 당기순손실 및 누적결손금 (2) 유동자산 대비 유동부채 과다 - - 연결감사보고서 \n\nsource : [세토피아][정정]반기보고서(2025.09.09).pdf, page : 189, \n content : V. 회계감사인의 감사의견 등 1. 외부감사에 관한 사항 가. 회계감사인의 명칭 및 감사의견 나. 감사용역 체결현황 다. 회계감사인과의 비감사용역 계약체결 현황 사업연도 구분 감사인 감사의견 의견변형사유 계속기업 관련 중요한 불확실성 강조사항 핵심감사사항 제11기 (당반기) 감사보고서 삼일회계법인 의견거절 (1)계속기업의 불확실성 (2) 주요 검토절차의 제약 (1) 당기순손실 및 누적결손금 (2) 유동자산 대비 유동부채 과다 - - 연결감사 보 \n\nsource : [세토피아][정정]반기보고서(2025.09.09).pdf, page : 189, \n content :  불확실성 (2) 주요 검토절차의 제약 (1) 당기순손실 및 누적결손금 (2) 유동자산 대비 유동부채 과다 - - 연결감사 보고서 삼일회계법인 의견거절 상동 상동 - - 제10기 (전기) 감사보고서 이촌회계법인 의견거절 (1) 계속기업 관련 중요한 불확실성 (1) 당기순손실 및 누적결손금 (2) 2023년 감사보고서 의견 거절로 인한 기업심사위원회 상장폐지여부 심의 및 의결 (3) 회계처리기준 위반에 대한 상장적격성 실질심사 대상 사유 발생 - \n\nsource : [세토피아][정정]반기보고서(2025.09.09).pdf, page : 189, \n content :  거절로 인한 기업심사위원회 상장폐지여부 심의 및 의결 (3) 회계처리기준 위반에 대한 상장적격성 실질심사 대상 사유 발생 - - 연결감사 보고서 이촌회계법인 의견거절 상동 상동 - - 제9기 (전전기) 감사보고서 이촌회계법인 의견거절 (1) 투자 및 자금거래의 타당성 및 회계처리 의 적정성 (2) 내부통제미비 (3) 계속기업 관련 중요한 불확실성 (1) 당기순손실 및 누적결손금 - - 연결감사 보고서 이촌회계법인 의견거절 상동 상동 - - ( \n\nsource : [세토피아][정정]반기보고서(2025.09.09).pdf, page : 4, \n content : <7. 증권의 발행을 통한 자금조달에 관한 사항> 7-1. 증권의 발행을 통한 자금조달 실적 (주4-1) 정정 전 가. 회계감사인의 명칭 및 감사의견 (주4-2) 정정 후 가. 회계감사인의 명칭 및 감사의견 (주5) 상세표 주석 정정 리스트 <3. 타법인출자 현황(상세)> 사업연도 구분 감사인 감사의견 의견변형 사유 계속기업 관련 중요한 불확실성 강조사항 핵심감사 사항 제11기 (당반기) 감사보고서 삼일회계법인 - - - - - 연결감사보고서  \n\n']",계속기업의 불확실성과 주요 검토절차의 제약,"(1)계속기업의 불확실성(당기순손실 및 누적결손금, 유동자산 대비 유동부채 과다)과 (2)주요 검토절차의 제약입니다.",0.9999999999,1.0,1.0,0.0
17,(주)제이슨앤컴퍼니 인수 효과로 2023년 철강 사업 매출 예측치와 실제 실적은 각각 얼마인가?,"['source : [세토피아][정정]반기보고서(2025.09.09).pdf, page : 219, \n content : 주1) 2023년은 경기둔화로 인한 실적감소 및 환율변동과 원자재가격변동으로 인하여 예측 실적과의 괴리가 발생하였습니다. 주2) 2024년은 동년 04월 04일 감사의견거절로 인한 주권매매거래정지가 발생하여 금융기 관과의 거래 및 여신 한도 감소 등으로 제품 구매 등이 감소하여 예측실적과의 괴리가 발생 하였습니다. (단위 : 백만원) 대상회사 추정대상 계정과목 예측치 실적치 예측치 달성 여부 괴리율 (주)제이슨앤컴퍼니 2023년 매출액 107, \n\nsource : [세토피아][정정]반기보고서(2025.09.09).pdf, page : 219, \n content :  : 백만원) 대상회사 추정대상 계정과목 예측치 실적치 예측치 달성 여부 괴리율 (주)제이슨앤컴퍼니 2023년 매출액 107,078 98,081 미달성 8.40 영업이익 5,191 1,102 미달성 78.77 당기순이익 4,071 469 미달성 88.48 2024년 매출액 111,366 52,831 미달성 52.56 영업이익 5,475 -116 미달성 102.12 당기순이익 4,292 -1,249 미달성 129.10 2025년 매출액 115,6 \n\nsource : [세토피아][정정]반기보고서(2025.09.09).pdf, page : 42, \n content : 척도 및 상용화 여부, 매출 발생여부 등) 당사는 (주)제이슨앤컴퍼니를 흡수합병한 후 STS지점을 설립하고 모든 조직과 인력을 승계 하여 사업활동을 이어나가고 있습니다. 2023년 최초 1,000억 매출을 달성하였으며, 현재 당 사의 주력 사업으로 진행하고 있습니다. 5. 기존 사업과의 연관성 당사는 (주)제이슨앤컴퍼니 지분 100%를 인수하여 흡수합병 함으로써 주된 사업이 소프트 웨어 자문개발 및 공급업에서 1차 철강 제조 및 도매업으로 변경 \n\nsource : [세토피아][정정]반기보고서(2025.09.09).pdf, page : 16, \n content : 1. 합병방법 ㈜세토피아가 ㈜제이슨앤컴퍼니를 흡수합병 1) 존속회사: ㈜세토피아 2) 소멸회사: ㈜제이슨앤컴퍼니 - 합병형태 소규모합병 2. 합병목적 철강전문기업과의 합병을 통한 신규사업 진출 및 매출확대, 손익구조 개선을 통한 기업가치 제고 및 주주가치 제고 3. 합병의 중요영향 및 효과 (1) 회사의 경영에 미치는 영향 본 보고서 제출일 현재 합병법인인 (주)세토피아 는 피합병법인인 (주)제이슨앤컴퍼니의 발행주식 을 100% 소유하고 있으며 \n\nsource : [세토피아][정정]반기보고서(2025.09.09).pdf, page : 182, \n content : .02 소규모합병 (주)제이슨앤컴퍼니 철강전문기업과의 합병을 통한 신규사업 진출 및 매출확 대, 손익구조 개선을 통한 기업가치 제고 및 주주가치 제고 합병등 종료보고서 (2023.01.04) 전자공시시스템 dart.fss.or.kr Page 180 \n\n']","2023년 철강 사업 매출 예측치는 111,366 백만원이고, 실제 실적은 52,831 백만원입니다.","2023년 매출 예측치는 107,078백만원이었으나, 실제 실적은 98,081백만원이었습니다.",0.9999999999,1.0,0.0,0.8284034407251412
18,2024년 철강 사업 실적이 예측치에 미달한 주된 이유는 무엇인가?,"['source : [세토피아][정정]반기보고서(2025.09.09).pdf, page : 219, \n content : 주1) 2023년은 경기둔화로 인한 실적감소 및 환율변동과 원자재가격변동으로 인하여 예측 실적과의 괴리가 발생하였습니다. 주2) 2024년은 동년 04월 04일 감사의견거절로 인한 주권매매거래정지가 발생하여 금융기 관과의 거래 및 여신 한도 감소 등으로 제품 구매 등이 감소하여 예측실적과의 괴리가 발생 하였습니다. (단위 : 백만원) 대상회사 추정대상 계정과목 예측치 실적치 예측치 달성 여부 괴리율 (주)제이슨앤컴퍼니 2023년 매출액 107, \n\nsource : [세토피아][정정]반기보고서(2025.09.09).pdf, page : 219, \n content :  : 백만원) 대상회사 추정대상 계정과목 예측치 실적치 예측치 달성 여부 괴리율 (주)제이슨앤컴퍼니 2023년 매출액 107,078 98,081 미달성 8.40 영업이익 5,191 1,102 미달성 78.77 당기순이익 4,071 469 미달성 88.48 2024년 매출액 111,366 52,831 미달성 52.56 영업이익 5,475 -116 미달성 102.12 당기순이익 4,292 -1,249 미달성 129.10 2025년 매출액 115,6 \n\nsource : [세토피아][정정]반기보고서(2025.09.09).pdf, page : 56, \n content : <생산설비> (1) (주)세토피아 <철강사업> 1) 생산능력 및 생산실적과 가동률 (기준일 : 2025년 06월 30일) (단위 : 원, Kg) 사업연도 / 품 목 2025년 당반기 2024년 2023년 비고 스테인리스 강 2,127 2,400 2,666 - (기준일 : 2025년 06월 30일) (단위 : USD, %) 품목 구체적 용도 매입금액 매입비율 주요매입처 회사와의 관계 Trim 카나비스 오일 추출 - - - - (기준일 : 2025 \n\nsource : [세토피아][정정]반기보고서(2025.09.09).pdf, page : 68, \n content : 출원 등록 적용제품 주무관청 1 특허권 프로세스 행위 예측 기법을 이용한 비정형 악성코드 탐지방법 및 그 시스템 (주)세토피아 (공동권리) 2007 2009 - 특허청 2 특허권 비정상 트래픽 탐지 장치 및 방법 (주)세토피아 (공동권리) 2007 2010 - 특허청 3 특허권 악성 코드에 의해 삽입된 동적 연결 라이브러리 검출 장치 및 방법 (주)세토피아 (공동권리) 2007 2010 - 특허청 (당반기) (단위: 천원) 구 분 철강 부문 서 \n\nsource : [세토피아][정정]반기보고서(2025.09.09).pdf, page : 130, \n content : 터 쉽게 식별할 수 없는 자산과 부채의 장부금액에 대한 추정 및 가정을 하여야 합니다. 추정치와 관련 가정은 과거 경험 및 관련이 있다고 여겨지는 기타 요인에 근거합니다. 또한 실제 결과는 이러한 추정치 들과 다를 수도 있습니다. 중간재무제표를 작성을 위해 회계정책의 적용과정에서 내린 중요한 판단과 추정 불확실성의 주요원천에 대한 내용은 2024년 12월 31일로 종료하는 회계연도에 대한 연차재무제표와 동 일합니다. 4. 재무위험관리 (1) 금 \n\n']",2024년은 동년 04월 04일 감사의견거절로 인한 주권매매거래정지가 발생하여 금융기관과의 거래 및 여신 한도 감소 등으로 제품 구매 등이 감소하여 예측실적과의 괴리가 발생 하였습니다.,"2024년 4월 4일 감사의견 거절로 인한 주권매매거래정지가 발생하여, 금융기관과의 거래 및 여신 한도 감소 등으로 제품 구매 등이 감소했기 때문입니다.",0.9999999999,1.0,1.0,0.7979856320339092
19,"제11기 반기말(2025.06.30) 기준 세토피아의 연결재무제표상 누적결손금은 얼마이며, 계속기업으로서의 존속능력에 대한 평가는 어떠한가?","['source : [세토피아][정정]반기보고서(2025.09.09).pdf, page : 125, \n content : 결회사의 계속기업으로서의 존속능력에 미칠 궁 극적인 영향은 현재로서는 측정할 수 없으며, 따라서 불확실성의 최종결과로 발생할 수도 있 는 조정사항은 연결재무제표에 반영되지 않았습니다. 4. 재무제표 4-1. 재무상태표 재무상태표 제 11 기 반기말 2025.06.30 현재 제 10 기말 2024.12.31 현재 (단위 : 원) 제 11 기 반기말 제 10 기말 자산 유동자산 8,536,561,939 10,133,404,461 현금및현금성자산 4 \n\nsource : [세토피아][정정]반기보고서(2025.09.09).pdf, page : 176, \n content : 사의 계속기업으로서의 존속능력에 미칠 궁극적 인 영향은 현재로서는 측정할 수 없으며, 따라서 불확실성의 최종결과로 발생할 수도 있는 조정사항은 재무제표에 반영되지 않았습니다. 6. 배당에 관한 사항 1. 회사의 배당정책에 관한 사항 당사는 정관에 의거, 이사회 결의 및 주주총희 결의를 통하여 주주에게 배당을 할 수 있습니 다. 다만 누적결손금으로 인하여 현금배당 및 주식배당이 불가능하기에 최근 5년간의 배당 내역이 없습니다. 향후 배당가능이익이 \n\nsource : [세토피아][정정]반기보고서(2025.09.09).pdf, page : 125, \n content : 환될 수 있다는 가정 하에 작성되었으나, 향후 영업상황 및 글로벌 경 기 위축, 고금리 기조 지속 등의 대내외적 변수 등으로 인해 재무상태나 경영성과 등이 큰 폭 으로 변동될 가능성이 있습니다. 이러한 상황은 계속기업으로서의 존속능력에 유의적 의문을 제기할 만한 중요한 불확실성이 존재함을 나타냅니다. 그러나 이로 인한 연결회사의 계속기업으로서의 존속능력에 미칠 궁 극적인 영향은 현재로서는 측정할 수 없으며, 따라서 불확실성의 최종결과로 발생할  \n\nsource : [세토피아][정정]반기보고서(2025.09.09).pdf, page : 176, \n content : 환될 수 있다는 가정 하에 작성되었으나, 향후 영업상황 및 글로벌 경기 위축, 고 금리 기조 지속 등의 대내외적 변수 등으로 인해 재무상태나 경영성과 등이 큰 폭으로 변동 될 가능성이 있습니다. 이러한 상황은 계속기업으로서의 존속능력에 유의적 의문을 제기할 만한 중요한 불확실성이 존재함을 나타냅니다. 그러나 이로 인한 당사의 계속기업으로서의 존속능력에 미칠 궁극적 인 영향은 현재로서는 측정할 수 없으며, 따라서 불확실성의 최종결과로 발생할 수도 \n\nsource : [세토피아][정정]반기보고서(2025.09.09).pdf, page : 83, \n content :  16,865,422 6,072,735 22,938,157 전자공시시스템 dart.fss.or.kr Page 80(*) 계약상 현금흐름이 아닌 채권자들이 조기상환을 청구하는 경우 당사가 지급해야 할 가장 이른 날 을 기준으로 명목금액으로 기재하였습니다. (2) 자본위험관리 연결회사의 자본관리 목적은 계속기업으로서 주주 및 이해당사자들에게 이익을 지속적으로 제공할 수 있는 능력을 보호하고 자본비용을 절감하기 위해 최적 자본구조를 유지하는 것입 니다. 보고기간종료일 현재의 자본조달비율은 다음과 같습니다. (전기말) (단위: 천원) 구 분 1년 이하 1년~5년 \n\n']",제공된 컨텍스트만으로는 질문에 답변할 수 없습니다.,"누적결손금은 139,813백만원이며, 계속기업으로서의 존속능력에 유의적 의문을 제기할 만한 중요한 불확실성이 존재함을 나타냅니다.",0.9999999999,0.0,0.0,0.0
20,"2025년 3월 31일, (주)케이씨엠인더스트리와 (주)앤에스월드의 주식 양수도 계약을 합의 해제할 때, 대금으로 지급했던 제18회, 제20회 전환사채는 어떻게 처리되었는가?","['source : [세토피아][정정]반기보고서(2025.09.09).pdf, page : 106, \n content : 년 1월 24일 변경계약을 통하여 만기일이 2027년 1월 26일로 변경 되었으며 기존 매도청구권 및 전환권 조항이 삭제되었습니다. (*5) 제 18회차 전환사채는 2025년 3월 31일 주식 양수도 계약을 합의 해제 후 당사가 취득한 (주)케 이씨엠인더스트리의 주식 전부를 거래 상대방에게 반환하고, 거래대금으로 지급한 사채를 전액 반환 받았습니다. (*6) 제 20회차 전환사채는 2025년 3월 31일 주식 양수도 계약을 합의 해제 후 당사가 \n\nsource : [세토피아][정정]반기보고서(2025.09.09).pdf, page : 155, \n content :  6월 7일로 변경되었습니다. (*4) 제16회차 전환사채는 2025년 1월 24일 변경계약을 통하여 만기일이 2027년 1월 26일로 변경 되었으며 기존 매도청구권 및 전환권 조항이 삭제되었습니다. (*5) 제 18회차 전환사채는 2025년 3월 31일 주식 양수도 계약을 합의 해제 후 당사가 취득한 (주 )케이씨엠인더스트리의 주식 전부를 거래 상대방에게 반환하고, 거래대금으로 지급한 사채를 전액 반 환 받았습니다. (*6) 제 20회차 전환 \n\nsource : [세토피아][정정]반기보고서(2025.09.09).pdf, page : 179, \n content : 일 기준으로 5:1 무상감자를 완료하였습니다. 미상환 전환사채 발행현황 주1) 전기 재매각된 전환사채로 당기 중 채권자와의 합의에 의해 상환의무가 발생함에 따라 전환사채(부채)로 재분류되었습니다. 주2) 2025년 3월 31일 주식 양수도 계약을 합의 해제 후 당사가 취득한 (주)케이씨엠인더스 트리의 주식 전부를 거래 상대방에게 반환하고, 거래대금으로 지급한 사채를 전액 반환 받았 습니다. 주3) 2025년 3월 31일 주식 양수도 계약을 합의 \n\nsource : [세토피아][정정]반기보고서(2025.09.09).pdf, page : 43, \n content : (NdFeB-Powder) 제조업체 인 (주)케이씨엠인더스트리의 지분 31.4%와 전환사채 발행 (제20회 전환사채 20억원) 및 현 금(5억) 지급방법으로 영구자석 제조업체인 (주)앤에스월드의 지분 17.30%를 취득하였습니 다. 따라서 현재까지 소요된 자금은 물품구매 1차대금 약 13억과 (주)지씨엠 출자자금 30억원 그리고 (주)케이씨엠인더스트리 지분인수대금 약37.68억(전환사채 20억원, 현금 17.68억원 ), (주)앤에스월드 지분인 \n\nsource : [세토피아][정정]반기보고서(2025.09.09).pdf, page : 46, \n content : .4%와 전환사채 발행 (제20회 전환사채 20억원) 및 현 금(5억) 지급방법으로 영구자석 제조업체인 (주)앤에스월드의 지분 17.30%를 취득하였습니 다. 따라서 현재까지 소요된 자금은 물품구매 1차대금 약 13억과 (주)지씨엠 출자자금 30억원 그리고 (주)케이씨엠인더스트리 지분인수대금 약37.68억(전환사채 20억원, 현금 17.68억원 ), (주)앤에스월드 지분인수대금 약25억(전환사채 20억원, 현금5억원)이며 현금은 전액 당사 보유 \n\n']","제 18회차 전환사채는 (주)케이씨엠인더스트리의 주식을 거래 상대방에게 반환하고, 거래대금으로 지급한 사채를 전액 반환 받았습니다. 제20회차 전환사채는 (주)앤에스월드의 주식을 거래 상대방에게 반환하고, 거래대금으로 지급한 사채를 전액 반환 받았습니다.","취득했던 주식 전부를 반환하고, 대금으로 지급했던 사채(18회 20억원, 20회 20억원) 전액을 반환받았습니다.",0.9999999999,1.0,0.5,0.7895249313531851
21,"2025년 6월 30일 기준, 세토피아의 연결 재무상태표상 유동자산과 유동부채는 각각 얼마인가?","['source : [세토피아][정정]반기보고서(2025.09.09).pdf, page : 125, \n content : 결회사의 계속기업으로서의 존속능력에 미칠 궁 극적인 영향은 현재로서는 측정할 수 없으며, 따라서 불확실성의 최종결과로 발생할 수도 있 는 조정사항은 연결재무제표에 반영되지 않았습니다. 4. 재무제표 4-1. 재무상태표 재무상태표 제 11 기 반기말 2025.06.30 현재 제 10 기말 2024.12.31 현재 (단위 : 원) 제 11 기 반기말 제 10 기말 자산 유동자산 8,536,561,939 10,133,404,461 현금및현금성자산 4 \n\nsource : [세토피아][정정]반기보고서(2025.09.09).pdf, page : 69, \n content : (1,384,946) (8,893,192) 전자공시시스템 dart.fss.or.kr Page 66III. 재무에 관한 사항 1. 요약재무정보 가. 연결 재무제표에 관한 사항 1. 요약연결재무상태표 2. 요약연결손익계산서 주식회사 세토피아와 그 종속기업 (단위 : 원) 과 목 제11(당반)기말 제10(전)기말 제9(전전)기말 [유동자산] 9,071,420,676 10,797,471,343 37,846,569,200 ㆍ현금및현금성자산 528,000,124 215,128,569 5,119,118,060 ㆍ단기금융상품 - - 60,000,000  \n\nsource : [세토피아][정정]반기보고서(2025.09.09).pdf, page : 63, \n content : 43,332 합 계 43,332 전자공시시스템 dart.fss.or.kr Page 60보고기간종료일 현재 연결회사의 신용위험에 대한 최대노출정도는 다음과 같습니다. 4) 유동성위험 연결회사는 유동성위험을 관리하기 위하여 단기 및 중장기 자금관리계획을 수립하고현금유 출예산과 실제현금유출액을 지속적으로 분석 검토하여 금융부채와 금융자산의 만기구조를 대응시키고 있습니다. 연결회사의 경영진은 영업활동현금흐름과 금융자산의 현금유입으로 금융부채를 상환가능하다고 판단하고 있습니다. 연결회사의 유동성 위험 분석내역은 다음과 같습니다. (*1) \n\nsource : [세토피아][정정]반기보고서(2025.09.09).pdf, page : 152, \n content : 125,798 전자공시시스템 dart.fss.or.kr Page 14918. 차입금 (1) 보고기간종료일 현재 차입금의 구성내역은 다음과 같습니다. (2) 보고기간종료일 현재 단기차입금의 내역은 다음과 같습니다. (3) 보고기간종료일 현재 전환사채의 내역은 다음과 같습니다. (*1) 2025년 1월 24일 전환사채 변경계약을 체결하였으며, 사채의 만기일이 2025년 1월 27일에서 2027년 1월 26일로 변경되었습니다. (단위: 천원) 구 분 당반기말 전기말 유동 비유동 유동 비유동 단기차입금 6,727,601 \n\nsource : [세토피아][정정]반기보고서(2025.09.09).pdf, page : 71, \n content :  (30,146,448,085) 기본 및 희석주당이익(손실) 133 (374) (444) 연결 재무상태표 제 11 기 반기말 2025.06.30 현재 제 10 기말 2024.12.31 현재 (단위 : 원) 제 11 기 반기말 제 10 기말 자산 유동자산 9,071,420,676 10,797,471,343 현금및현금성자산 528,000,124 215,128,569 매출채권 1,749,373,442 3,761,198,771 단기기타채권 4,630, \n\n']","2025년 6월 30일 기준, 세토피아의 연결 재무상태표상 유동자산은 9,071,420,676원이고, 유동부채는 제공된 텍스트에서 확인할 수 없습니다.","유동자산은 9,071,420,676원, 유동부채는 17,387,059,424원입니다.",0.9999999999,0.0,1.0,0.0
22,2025년 1월 27일 임시주주총회에서 가결된 안건은 무엇인가?,"['source : [세토피아][정정]반기보고서(2025.09.09).pdf, page : 179, \n content : 23 - 전자공시시스템 dart.fss.or.kr Page 176주1) 2022년 1월 28일 임시주주총회에서 주식병합안건이 승인됨에 따라 2022년 2월 14일 을 기준일로 당사 주식의 액면가액이 100원에서 500원으로 병합되었으며 이에 따라 등기 주 식수가 감소되었습니다. 주2) 2025년 01월 27일 임시주주총회를 통해 무상감자결의하였으며, 2025년 02월 12일 효 력발생일 기준으로 5:1 무상감자를 완료하였습니다. 미상환 전환사채 발행현황 주1) 전기 재매각된 전환사채로 당기 중 채권자와의 합 \n\nsource : [세토피아][정정]반기보고서(2025.09.09).pdf, page : 196, \n content : 우덕회계법인 예 회계사 (1호 유형) 삼일회계법인(1989 - 1994) 한길회계법인(1994 - 1995) 선명회계법인(1995 - 2006) 우덕회계법인(2006 - 현재) 회차 개최일자 의안내용 이상무 유승식 가결 여부 감사 감사 참석율 참석율 5% 0% 1 2025.01.10 임시주주총회 안건 확정 및 소집 공고의 건 - - 가결 2 2025.01.20 본점 이전의 건 - - 가결 전자공시시스템 dart.fss.or.kr Page 194 \n\nsource : [세토피아][정정]반기보고서(2025.09.09).pdf, page : 199, \n content : 들의 의견을 수용하여 소수주주들이 추천 한 이사 및 감사 선임의 건을 임시주총 안건으로 상정 - 이사회: 이사회의 추천으로 사내이사(1인), 사외이사(2인 ), 기타비상무이사(1인) 및 감사(1인)의 선임을 제안 - 주주총회 개최 전 주주측에서 제안한 이사 및 감사 후보 자 일괄 사퇴로 주주제안 안건 상정은 철회되었으며, 이사 회 추천의 선임 건은 표결을 통해 가결됨 정기주주총회 (2024.03.28) 제1호 의안 : 제9기 재무제표 승인의 건 \n\nsource : [세토피아][정정]반기보고서(2025.09.09).pdf, page : 193, \n content : 율 참석율 참석율 참석율 참석율 참석율 참석율 80% 100% 100% 92% 77% 100% 100% 86% 57% 100% 0% 1 2025.01.10 임시주주총회 안건 확정 및 소집 공고의 건 가결 참석 참석 참석 참석 - - 참석 - 2 2025.01.20 본점 이전의 건 가결 참석 참석 참석 참석 참석 참석 참석 - 3 2025.01.20 유형자산양수 철회의 건 가결 참석 참석 참석 참석 참석 참석 참석 - 4 2025.01.20 임대 \n\nsource : [세토피아][정정]반기보고서(2025.09.09).pdf, page : 8, \n content : 0년 8월 10일 임시주주총회 이후 (주)한류에이아이센터에서 (주)마이더스AI로 상호명이 변경되었으며, 대표이사 서상철이 각자대표로 선임됨에 따라 대표이사 김대곤, 서상철 각자대표로 변경되었습니다. 2020년 10월 23일 대표이사 김대곤이 사임함에따라 서상철 단독대표이사로 변경되었습니다. 당사는 2022년 8월 1일 임시주주총회 이후 (주)마이더스AI에서 (주)세토피아로 상호명이 변경되었 습니다. 당사는 2023년 1월 2일 (주)제이슨앤컴퍼 \n\n']",무상감자결의,"이사 선임의 건 (사내이사 남윤영, 사외이사 남상신, 사외이사 조찬휘) 및 무상감자의 건이 원안대로 승인되었습니다.",0.9999999999,0.0,0.0,0.736914752041599
23,"2025년 6월 30일 기준, 세토피아의 소액주주 수와 총 발행주식 대비 지분율은 어떻게 되는가?","['source : [세토피아][정정]반기보고서(2025.09.09).pdf, page : 202, \n content : : 주) 구분 주주명 소유주식수 지분율(%) 비고 5% 이상 주주 (주)에스에이코퍼레이션 1,042,986 6.89 최대주주 - - - - 우리사주조합 - - - (기준일 : 2025년 06월 30일 ) (단위 : 주) 구 분 주주 소유주식 비 고 소액 주주수 전체 주주수 비율 (%) 소액 주식수 총발행 주식수 비율 (%) 소액주주 17,952 17,966 99.92 11,484,179 15,131,870 76.89 - (단위 : 원, 주) 종 \n\nsource : [세토피아][정정]반기보고서(2025.09.09).pdf, page : 202, \n content : 9,034 부채총계 48,043 자본총계 990 매출액 418 전자공시시스템 dart.fss.or.kr Page 199(3) 사업현황 등 회사 경영 안정성에 영향을 미칠 수 있는 주요 내용 - 해당사항 없습니다. 다. 최대주주 변동내역 최대주주 변동내역 주1) 변동일 기준 최대주주의 소유주식수는 2025년 02월 12일 5:1 무상감자 이전의 주식 수 입니다. 라. 주식의 분포 (1) 주식 소유현황 (2) 소액주주현황 소액주주현황 바. 주가 및 주식거래실적 영업이익 -686 당기순이익 -7,392 (기준일 : 2025년 06월 30일 ) (단위 : 주, %)  \n\nsource : [세토피아][정정]반기보고서(2025.09.09).pdf, page : 201, \n content : 시스템 dart.fss.or.kr Page 198VII. 주주에 관한 사항 가. 최대주주 및 특수관계인의 주식소유 현황 나. 최대주주의 주요경력 및 개요 (1) 최대주주(법인 또는 단체)의 기본정보 (1)-1. 법인 또는 단체의 대표이사, 업무집행자, 최대주주의 변동내역 (2) 최대주주(법인 또는 단체)의 최근 결산기 재무현황 (기준일 : 2025년 06월 30일 ) (단위 : 주, %) 성 명 관 계 주식의 종류 소유주식수 및 지분율 비고 기 초 기 말 주식수 지분율 주식수 지분율 (주)에 \n\nsource : [세토피아][정정]반기보고서(2025.09.09).pdf, page : 202, \n content : 주가 및 주식거래실적 영업이익 -686 당기순이익 -7,392 (기준일 : 2025년 06월 30일 ) (단위 : 주, %) 변동일 최대주주명 소유주식수 지분율 변동원인 비 고 2020년 05월 12일 (주)에스에이코퍼레이션 4,097,656 13.2 제3자배정유상증자 - (기준일 : 2025년 06월 30일 ) (단위 : 주) 구분 주주명 소유주식수 지분율(%) 비고 5% 이상 주주 (주)에스에이코퍼레이션 1,042,986 6.89 최대주주  \n\nsource : [세토피아][정정]반기보고서(2025.09.09).pdf, page : 20, \n content :  존속회사인 (주)세토피아는 상법 제527조의3 규정에 따른 소규모합병에 해당하고, 소멸회사인 (주 )제이슨앤컴퍼니는 상법 제527조의2 규정에 따른 총주주의 동의에 의한 간이합병으로 진행하므로 주식매수청구권이 인정되지 않습니다. 상법 제527조의3에 의거하여 2022년 06월 03일부터 2022년 06월 17일까지 합병반대의사 통지를 접수하였으며, 반대의사표시기간 동안 반대의사를 표시한 주식수는 33,367주로 발행주식 총수의 0.000924 \n\n']","소액주주 수는 17,952개이고, 총 발행 주식수 대비 지분율은 76.89%입니다.","소액주주는 17,952명이며, 총 발행주식의 76.89%를 보유하고 있습니다.",0.9999999999,1.0,1.0,0.8012421172347252
24,2024년 4월 4일부터 세토피아의 주권매매거래가 정지된 사유는 무엇인가?,"['source : [세토피아][정정]반기보고서(2025.09.09).pdf, page : 203, \n content : ※ 상기 평균 주가는 매 거래일의 종가에 대한 산술평균 주가입니다. ※ 2024년 04월 04일 코스닥시장상장규정 제18조 및 동규정시행세칙 제19조, 감사범위제 한 및 계속기업 존속능력 불확실성으로 인한 의견거절로 인해 회사의 주권매매거래정지가 되었습니다. 월간거래량 - - - - - - 전자공시시스템 dart.fss.or.kr Page 201 \n\nsource : [세토피아][정정]반기보고서(2025.09.09).pdf, page : 219, \n content : 주1) 2023년은 경기둔화로 인한 실적감소 및 환율변동과 원자재가격변동으로 인하여 예측 실적과의 괴리가 발생하였습니다. 주2) 2024년은 동년 04월 04일 감사의견거절로 인한 주권매매거래정지가 발생하여 금융기 관과의 거래 및 여신 한도 감소 등으로 제품 구매 등이 감소하여 예측실적과의 괴리가 발생 하였습니다. (단위 : 백만원) 대상회사 추정대상 계정과목 예측치 실적치 예측치 달성 여부 괴리율 (주)제이슨앤컴퍼니 2023년 매출액 107, \n\nsource : [세토피아][정정]반기보고서(2025.09.09).pdf, page : 65, \n content : - 해당사항 없습니다. 6. 주요계약 및 연구개발활동 <경영상의 주요계약 등> 가. 유형자산 양수 결정 ※ 관련공시 : 2025.01.20 주요사항보고서(유형자산양수결정) 주1) 상기 계약금액은 부가가치세를 포함한 매매계약서상의 계약금액입니다. 주2) 2024년 04월 04일 감사의견 거절로 인해 매매거래정지가 되면서 신용도 하락에 의한 금융기관을 통한 신규차입이 중단됨에 따라 최초 잔금일인 2024년 04월 30일에 잔금 지급 이 불가한 상황 \n\nsource : [세토피아][정정]반기보고서(2025.09.09).pdf, page : 6, \n content : 【 대표이사 등의 확인 】 전자공시시스템 dart.fss.or.kr Page 3반 기 보 고 서 (제 11 기) 사업연도 2025년 01월 01일 부터 2025년 06월 30일 까지 금융위원회 한국거래소 귀중 2025년 08월 14일 제출대상법인 유형 : 주권상장법인 면제사유발생 : 해당사항 없음 회 사 명 : (주)세토피아 대 표 이 사 : 서상철 본 점 소 재 지 : 서울시 강남구 삼성로 81길35, 3층 (전 화) 02-3497-8900 (홈페이지) http://www.se-topia.com/ 작 성 책 임 자 :  \n\nsource : [세토피아][정정]반기보고서(2025.09.09).pdf, page : 10, \n content : 불이행 상태에 있음 NCR 허위 및 위/변조자료 제출 등 부정당한 행위가 확인되어 기존의 등급을 취소, 정지, 변경 주권상장 (또는 등록ㆍ지정)현황 주권상장 (또는 등록ㆍ지정)일자 특례상장 유형 코스닥시장 상장 2015년 08월 13일 해당사항 없음 전자공시시스템 dart.fss.or.kr Page 8 \n\n']",감사의견 거절로 인해 주권매매거래정지가 되었습니다.,2023년(제10기) 감사보고서의 감사의견이 '의견거절'(감사범위 제한 및 계속기업 존속능력 불확실성)이었기 때문입니다.,0.9999999999,1.0,1.0,0.7923673436416669
25,세토피아의 철강사업에서 다루는 '스테인리스강'이란 무엇인가?,"[""source : [세토피아][정정]반기보고서(2025.09.09).pdf, page : 129, \n content : 이더스AI에서 주식회사 세토피아로 상호를 변경하였으며, 2023년 1월 2일자로 종속회 사인 주식회사 제이슨앤컴퍼니를 흡수합병하고 스테인리스강의 판매, 가공 및 제조업을 주 요 사업으로 영위하고 있습니다. 당반기말 현재 당사의 주요 주주의 구성내역은 다음과 같습 니다. 2. 중요한 회계정책 2.1 반기 재무제표 작성 기준 동 재무제표는 연차재무제표가 속하는 기간의 일부에 대하여 기업회계기준서 제1034호 '중 간재무보고'를 적용하여 작성하는 요 \n\nsource : [세토피아][정정]반기보고서(2025.09.09).pdf, page : 75, \n content : 3. 연결재무제표 주석 1. 일반 사항 주식회사 세토피아(이하 '지배기업')와 종속기업(이하 지배기업과 종속기업을 합하여'연결회 사')은 보안 솔루션 관련 소프트웨어 설계ㆍ개발 및 판매와 컨설팅 등을 사업목적으로 하여 1995년 10월에 설립되었으며, 서울시 강남구 삼성로 81길 35, 3층에 본사를 두고 있습니다. 지배기업은 2022년 8월 1일자 주주총회 결의에 의거 주식회사 마이더스AI에서 주식회사 세 토피아로 상호를 변경하였으며, 현재는 \n\nsource : [세토피아][정정]반기보고서(2025.09.09).pdf, page : 8, \n content : 시주주총회 이후 (주)마이더스AI에서 (주)세토피아로 상호명이 변경되었 습니다. 당사는 2023년 1월 2일 (주)제이슨앤컴퍼니와 소규모합병을 완료하였습니다. 본 보고서는 경제적 실질에 따라 (주)세토피아 기준으로 작성하였음을 알려드립니다. (단위 : 사) 구분 연결대상회사수 주요 종속회사수 기초 증가 감소 기말 상장 - - - - - 비상장 4 - - 5 - 합계 4 - - 5 - ※상세 현황은 '상세표-1. 연결대상 종속회사 현황(상세)'  \n\nsource : [세토피아][정정]반기보고서(2025.09.09).pdf, page : 18, \n content : 식으로 진행되므로 주식회사 세토피아의 주주들에게 주 식매수청구권이 인정되지 않으며, 합병에 대한 주주총회의 승인은 이사회 승인으로 갈음합니다. (2) 상기 '10. 합병일정'의 합병반대의사 통지 접수기간은 상법 527조의3 제4항에 따른 소규모합병에 대한 반 대의사표시 접수기간을 의미하며, 상법 제527조의3 제4항에 의하여 합병회사인 (주)세토피아의 발행주식 총 전자공시시스템 dart.fss.or.kr Page 16 \n\nsource : [세토피아][정정]반기보고서(2025.09.09).pdf, page : 191, \n content : 사항의 유의성 때문 에 검토결론을 형성하기에 충분하고 적합한 검토증거를 입수할 수 없었습니다. 따라서 우리는 주식회사 세토피아 의 2024년 12월 31일 현재의 내부회계관리제도의 운영실 태보고의 내용이 '내부회계관리제도 평가 및 보고 모범규 준'에 따라 작성되었는지에 대하여 검토결론을 표명하지 아니합니다. - 제9기(전전기) (2023년) 이촌회계법인 2023년 12월 31일 현재의 내부회계관리제도의 운영실태 보고의 내용이 '내부회계관리제도  \n\n""]",제공된 컨텍스트만으로는 질문에 답변할 수 없습니다.,"철(Fe)에 상당량의 크롬(보통 12%이상)을 넣어 녹이 잘 슬지 않도록 만들어진 합금강으로, 필요에 따라 탄소(C), 니켈(Ni) 등을 소량 포함합니다.",0.9999999999,0.0,0.0,0.0
26,희토류 사업에서 '네오디뮴 영구자석(NdFeB)'은 무엇이며 왜 중요한가?,"['source : [세토피아][정정]반기보고서(2025.09.09).pdf, page : 53, \n content :  영구자석 네오디뮴 영구자석(NdFeB Magnet)은 페라이트 자석의 약5~12배에 달하는 강한 자력을 지니고 있습니다. 네오디뮴 자석은 약 30%의 희토류 원소와 69%의 철, 1%의 붕소로 구 성되며 희토류 원소로는 네오디뮴(Nd)프라세오디뮴(Pr) 등 경희토류 와 디스프로슘(Dy),터븀(Tb) 등 중희토류를 사용합니다. 제품이미지 제품 설명 ELFBAR800 엘프바800은 작은 사이즈로 휴대성이 좋으며 최대 800회 흡입을 할 수 있습니 \n\nsource : [세토피아][정정]반기보고서(2025.09.09).pdf, page : 46, \n content : 과 일상의 전 영역에서 전기동력화(Electrification)가 가속화되면서 모터와 발전기의 핵심 부품인 희토류 영구자석의 수요가 급증하고 있습니다. 1960년대 발명된 사마륨코발트(SmCo) 자석에 이어1983년에 네오디뮴(NeFeB) 영구자석 이 개발되면서 현재 희토류를 이용한 영구자석은 희토류 전체 시장가치(2019년 기준 22억 달러)의 79%를 차지하고 있습니다. 또한 네오디뮴(NeFeB) 영구자석은 페라이트 자석의 약 5~12배에  \n\nsource : [세토피아][정정]반기보고서(2025.09.09).pdf, page : 49, \n content : 금속적, 전자기적 특성으로 인해 전자, 화학분야에 널리 사용될 뿐 아니라 첨단 산업 및 친환경 산업의 핵심 재료로 수요가 지속적 으로 확대되는 추세이며 특히 영구자석, 연마제, 촉매, 합금 등 각종 산업분야에서 폭넓게 사 용되고 있습니다. 그중에 가장 많이 사용되는 응용분야는 영구자석으로 희토류 전체 시장가 치(2019년 기준 22억 달러)의 79%를 차지하고 있으며, 1982년 개발된 네오디뮴 영구자석 (NdFeB)은 현재까지 개발된 자석 중 \n\nsource : [세토피아][정정]반기보고서(2025.09.09).pdf, page : 42, \n content : 니다. <희토류 사업> 1. 사업 분야(업종, 제품 및 서비스의 내용 등) 및 진출 목적 당사는 네오디뮴 영구자석 분말 (NdFeB-Powder)을 제조하는 (주)케이씨엠인더스트리와 네오디뮴 영구자석 및 자석관련 부품을 제조하는 (주)앤에스월드의 지분을 인수하였으며, 베 트남 소재 Vietnam Rare Earth JSC.사와 국내 합작투자법인(JV) (주)지씨엠을 설립하여 베 트남 소재 Vietnam Rare Earth JSC.사로부터 희토류 \n\nsource : [세토피아][정정]반기보고서(2025.09.09).pdf, page : 43, \n content : (SmCo) 자석에 이어1983년에 네오디뮴(NeFeB) 영구자석 전자공시시스템 dart.fss.or.kr Page 40이 개발되면서 현재 희토류를 이용한 영구자석은 희토류 전체 시장가치(2019년 기준 22억 달러)의 79%를 차지하고 있습니다. 또한 네오디뮴(NeFeB) 영구자석은 페라이트 자석의 약 5~12배에 달하는 강한 자력을 지녀 각종 전자제품, 로봇 등 첨단산업, 방위산업 등에서 경량 화, 효율화를 주도하고 있습니다. 특히 네오디뮴 영구자석은 전기차의 구동모터와 풍력발전 기 터빈의 핵심 부품으로 사용되는바, 세계 각국이 내연기관차를 전기차로 대체하고 \n\n']","네오디뮴 영구자석(NdFeB)은 페라이트 자석의 약 5~12배에 달하는 강한 자력을 지닌 영구자석으로, 전기차의 구동모터와 풍력발전 기 터빈 등 첨단산업 분야에서 중요하게 사용됩니다.","1983년에 개발된 현존하는 자석 중 가장 강한 자력을 지닌 자석으로, 전기차 구동모터, 풍력발전기 터빈 등 첨단산업의 핵심 재료로 사용되기 때문에 중요합니다.",0.9999999999,1.0,1.0,0.7806615925400164
27,"2025년 6월 30일 기준 세토피아의 연결대상 종속회사는 몇 개이며, 그 이름은 무엇인가?","['source : [세토피아][정정]반기보고서(2025.09.09).pdf, page : 50, \n content : 조하여 추가 수입은 진행하지 않고 있습니다. 이하 본 보고서 내 해당 사업과 관련된 내용에서도 동일합니다. 본 보고서 작성일 기준 당사의 연결대상 종속회사는 ㈜아이홉씨비디, ㈜지씨엠 국내 2개사와 MIM USA, INC., GCM VINA 해외 2개사를 합쳐 총 4개사입니다. 당사의 미국현지법인 종속회사인 MIM USA, INC.는 당사의 손자회사인 Melrose Facility Management, LLC를 통하여 미국 캘리포니아 주에서 의료 \n\nsource : [세토피아][정정]반기보고서(2025.09.09).pdf, page : 8, \n content : 시주주총회 이후 (주)마이더스AI에서 (주)세토피아로 상호명이 변경되었 습니다. 당사는 2023년 1월 2일 (주)제이슨앤컴퍼니와 소규모합병을 완료하였습니다. 본 보고서는 경제적 실질에 따라 (주)세토피아 기준으로 작성하였음을 알려드립니다. (단위 : 사) 구분 연결대상회사수 주요 종속회사수 기초 증가 감소 기말 상장 - - - - - 비상장 4 - - 5 - 합계 4 - - 5 - ※상세 현황은 \'상세표-1. 연결대상 종속회사 현황(상세)\'  \n\nsource : [세토피아][정정]반기보고서(2025.09.09).pdf, page : 8, \n content : 【 대표이사 등의 확인 】 전자공시시스템 dart.fss.or.kr Page 5I. 회사의 개요 1. 회사의 개요 가. 연결대상 종속회사 개황 가-1. 연결대상 종속회사 현황(요약) 주식회사 세토피아 (이하 ""지배회사""라 함)와 종속기업(이하 지배회사와 종속기업을 ""연결회사""라 함 )은 보안 솔루션 관련 소프트웨어 설계ㆍ개발 및 판매와 컨설팅 등을 사업목적으로 하여 1995년 10월에 설립되었으며, 서울특별시 강남구 삼성로81길 35, 3층에 본사를 두고 있습니다. 회사는 코스닥시장 상장을 위하여 교보4호기업인수목적 주식 \n\nsource : [세토피아][정정]반기보고서(2025.09.09).pdf, page : 50, \n content : .은 2025년 04월 25일 종속기업 Melrose Facility Management, LLC 의 보유 지분을 전부 매각하였으며, 보고서 제출일 현재 해당 사 업을 진행하지 않고 있습니다. 이하 본 보고서 내 해당 사업과 관련된 내용에서도 동일합니다. 2. 주요 제품 및 서비스 (1) (주)세토피아 가. 주요 제품 등의 현황 나. 주요 제품 등의 가격변동 추이 <철강사업> (2025년 06월 30일 기준) (단위 : 백만원, %) 사업부문  \n\nsource : [세토피아][정정]반기보고서(2025.09.09).pdf, page : 12, \n content : (*1) 사내이사 장성원은 2024년 04월 30일에 사임하였습니다. (*2) 사외이사 정재훈은 2024년 12월 17일에 사임하였습니다. (*3) 사내이사 김현옥, 사내이사 김성권, 사외이사 조성철, 기타비상무이사 김영아는 2025년 01월 27일에 사임하였습니다. 다. 최대주주의 변동 라. 상호의 변경 마. 회사가 화의, 회사정리절차 그 밖에 이에 준하는 절차를 밟은 적이 있거나 현재 진행중인 경우 그 내용과 결과 - 당사 및 주요 종속회사 \n\n']",제공된 컨텍스트만으로는 질문에 답변할 수 없습니다.,"총 4개사이며, (주)아이홉씨비디, MIM USA, INC., (주)지씨엠, GCM VINA입니다.",0.9999999999,1.0,0.0,0.0
28,(주)제이슨앤컴퍼니 합병 시 합병비율을 1:0으로 산정한 근거는 무엇인가?,"['source : [세토피아][정정]반기보고서(2025.09.09).pdf, page : 16, \n content : 세토피아 의 최대주주 변경은 없습니다. 4. 합병비율 (주)세토피아: (주)제이슨앤컴퍼니= 1:0 - 기업인수목적회사 소멸합병의 경우 기업인수목적회사 마지막 거 래일 종가 대비 합병신주의 상장 당일 기준가격의 배수 - 5. 합병비율 산출근거 합병법인인 (주)세토피아는 피합병법인인 (주)제 이슨앤컴퍼니의 주식을 100% 소유하고 있으며, 합병 시 합병회사는 피합병회사의 주식에 대해 신 주를 발행하지 않으므로 합병비율을 1:0으로 산출 하였습니다. \n\nsource : [세토피아][정정]반기보고서(2025.09.09).pdf, page : 16, \n content : 향 본 보고서 제출일 현재 합병법인인 (주)세토피아 는 피합병법인인 (주)제이슨앤컴퍼니의 발행주식 을 100% 소유하고 있으며, 합병신주를 발행하지 않는 무증자 합병으로 진행합니다. 본 합병 완료 시 (주)세토피아는 존속회사로 계속 남아있고 소멸회사인 (주)제이슨앤컴퍼니는 합병 후 해산하게 되며, 본 합병 완료 후 (주)세토피아 의 최대주주 변경은 없습니다. 4. 합병비율 (주)세토피아: (주)제이슨앤컴퍼니= 1:0 - 기업인수목적회사 소멸합병 \n\nsource : [세토피아][정정]반기보고서(2025.09.09).pdf, page : 218, \n content : 전자공시시스템 dart.fss.or.kr Page 214다. 외국지주회사의 자회사 현황 -해당사항 없습니다. 전자공시시스템 dart.fss.or.kr Page 215라. 합병등의 사후정보 가) 합병 배경 - 철강전문기업과의 합병을 통한 신규사업 진출 및 매출확대, 손익구조 개선을 통한 기업가 치 제고 및 주주가치 제고 나) 합병방법 - (주)세토피아가 (주)제이슨앤컴퍼니를 흡수합병 - 합병비율 : (주)세토피아 : (주)제이슨앤컴퍼니 = 1 : 0 다) 합병일정 라) 합병상대방 마) 합병등 전후의 재무사항 비교표 * 합병등(합병, 중요한 영업ㆍ자산양수도, 주식의 포괄적교환ㆍ이전, 분할) 구 분 날 짜 합병 \n\nsource : [세토피아][정정]반기보고서(2025.09.09).pdf, page : 20, \n content :  01월 04일 - 전자공시시스템 dart.fss.or.kr Page 17Ⅱ. 대주주등 지분변동 상황 존속회사인 (주)세토피아는 소멸회사인 (주)제이슨앤컴퍼니의 지분 100% 소유하고 있으며, 양 합병 당사는 무증자 방식에 의하여 1:0의 합병비율에 따라 합병하기로 결의하였습니다. 이에 합병으로 인 하여 발행되는 신주는 없으며, 대주주 등의 지분변동사항 또한 없습니다. Ⅲ. 주식매수청구권 행사 존속회사인 (주)세토피아는 상법 제527조의3 규정에 따른 소규모합병에 해당하고, 소멸회사인 (주 )제이슨앤컴퍼니는 상법 제 \n\nsource : [세토피아][정정]반기보고서(2025.09.09).pdf, page : 16, \n content : 1. 합병방법 ㈜세토피아가 ㈜제이슨앤컴퍼니를 흡수합병 1) 존속회사: ㈜세토피아 2) 소멸회사: ㈜제이슨앤컴퍼니 - 합병형태 소규모합병 2. 합병목적 철강전문기업과의 합병을 통한 신규사업 진출 및 매출확대, 손익구조 개선을 통한 기업가치 제고 및 주주가치 제고 3. 합병의 중요영향 및 효과 (1) 회사의 경영에 미치는 영향 본 보고서 제출일 현재 합병법인인 (주)세토피아 는 피합병법인인 (주)제이슨앤컴퍼니의 발행주식 을 100% 소유하고 있으며 \n\n']","합병법인인 (주)세토피아는 피합병법인인 (주)제이슨앤컴퍼니의 주식을 100% 소유하고 있으며, 합병 시 합병회사는 피합병회사의 주식에 대해 신 주를 발행하지 않으므로 합병비율을 1:0으로 산출 하였습니다.","합병법인인 (주)세토피아가 피합병법인인 (주)제이슨앤컴퍼니의 주식 100%를 이미 소유하고 있었으며, 신주를 발행하지 않는 무증자 합병으로 진행했기 때문입니다.",0.9999999999,1.0,1.0,0.7593823286577666
29,"2025년 6월 30일 기준, (주)세토피아가 보유한 3개의 특허권 명칭은 무엇인가?","['source : [세토피아][정정]반기보고서(2025.09.09).pdf, page : 68, \n content : 라. 사업과 관련된 특허권, 지적재산권 등 마. 사업부문별 요약 재무현황 당반기와 전기의 계속사업부문별 매출액과 영업손익은 다음과 같습니다. 바. 공시대상기간중 새로이 추진하기로한 신규사업 당사가 공시대상기간(2025.01.01 ~ 2025.06.30)중 새로이 추진하기로한 신규사업은 없습 니다. 번호 구분 내용 권리자 출원 등록 적용제품 주무관청 1 특허권 프로세스 행위 예측 기법을 이용한 비정형 악성코드 탐지방법 및 그 시스템 (주)세토피아 \n\nsource : [세토피아][정정]반기보고서(2025.09.09).pdf, page : 68, \n content : 출원 등록 적용제품 주무관청 1 특허권 프로세스 행위 예측 기법을 이용한 비정형 악성코드 탐지방법 및 그 시스템 (주)세토피아 (공동권리) 2007 2009 - 특허청 2 특허권 비정상 트래픽 탐지 장치 및 방법 (주)세토피아 (공동권리) 2007 2010 - 특허청 3 특허권 악성 코드에 의해 삽입된 동적 연결 라이브러리 검출 장치 및 방법 (주)세토피아 (공동권리) 2007 2010 - 특허청 (당반기) (단위: 천원) 구 분 철강 부문 서 \n\nsource : [세토피아][정정]반기보고서(2025.09.09).pdf, page : 50, \n content : .은 2025년 04월 25일 종속기업 Melrose Facility Management, LLC 의 보유 지분을 전부 매각하였으며, 보고서 제출일 현재 해당 사 업을 진행하지 않고 있습니다. 이하 본 보고서 내 해당 사업과 관련된 내용에서도 동일합니다. 2. 주요 제품 및 서비스 (1) (주)세토피아 가. 주요 제품 등의 현황 나. 주요 제품 등의 가격변동 추이 <철강사업> (2025년 06월 30일 기준) (단위 : 백만원, %) 사업부문  \n\nsource : [세토피아][정정]반기보고서(2025.09.09).pdf, page : 56, \n content :  Melrose Facility Management, LLC 가. 주요 원재료 현황 나. 원재료 가격변동 현황 주1) 총 매입금액을 매입량으로 나눈 금액을 기준으로 가격을 산출하였습니다. 주2) 대마시장의 합법화로 인한 일의 공급물량에 따라 원재료의 가격변동이 있으며 원재료 구입량 및 품질에 따라 가격변동이 발생합니다. <생산설비> (1) (주)세토피아 <철강사업> 1) 생산능력 및 생산실적과 가동률 (기준일 : 2025년 06월 30일) (단 \n\nsource : [세토피아][정정]반기보고서(2025.09.09).pdf, page : 186, \n content : 03월 31일 보유하고 있던 지분 전부를 반환하였습니다. (3) 보고기간 종료일 현재 복합금융상품의 세부내역은 다음과 같습니다. (*1) 2025년 03월 31일 지배기업이 보유하고 있던 보유채권을 종속회사인(주)지씨엠에 매 각하였습니다. (4) 당기와 전기 중 당기손익-공정가치측정 금융자산의 변동내역은 다음과 같습니다. (2025년 06월 30일 기준) (단위: 천원, %) 회사명 상장여부 지분율 당반기말 전기말 취득가액 공정가액 장부가액 취 \n\n']","프로세스 행위 예측 기법을 이용한 비정형 악성코드 탐지방법 및 그 시스템, 비정상 트래픽 탐지 장치 및 방법, 악성 코드에 의해 삽입된 동적 연결 라이브러리 검출 장치 및 방법","'프로세스 행위 예측 기법을 이용한 비정형 먹성코드 탐지방법 및 그 시스템', '비정상 트래픽 탐지 장치 및 방법', '악성 코드에 의해 삽입된 동적 연결 라이브러리 검출 장치 및 방법'입니다.",0.9999999999,1.0,1.0,0.6875650982797733
